COMARCA,VARIETAT,n_reg_2008,sup_2008,quota_reg_2008,quota_sup_2008,n_reg_2024,sup_2024,quota_reg_2024,quota_sup_2024,delta_n_reg,delta_sup_ha,delta_quota_reg_pp,delta_quota_sup_pp,n_reg_acum_2008_2024,sup_registral_acum_2008_2024_ha,n_campanyes_actives_2008_2024,campanya_primera,campanya_darrera,sup_registral_mitjana_campanya_activa_ha
ALT CAMP,Chardonnay,2.0,0.2585335194058115,0.0263157894736842,0.0028745910262148,16.0,39.47559754672733,0.1045751633986928,0.2959495350335499,14.0,39.21706402732152,7.825937392500861,29.307494400733514,82,115.50321300030033,14,2008,2024,8.250229500021453
ALT CAMP,"Garnatxa blanca,Lledoner blanc",0.0,0.0,0.0,0.0,3.0,1.091758657706971,0.0196078431372549,0.0081849417664867,3.0,1.091758657706971,1.9607843137254901,0.81849417664867,59,100.58587299072263,11,2013,2024,9.144170271883876
ALT CAMP,"Garnatxa negra,Lledoner",0.0,0.0,0.0,0.0,3.0,2.776155272854762,0.0196078431372549,0.0208129050158081,3.0,2.776155272854762,1.9607843137254901,2.0812905015808103,120,105.10958984178008,13,2012,2024,8.085353064752313
ALT CAMP,"Macabeu,Viura",30.0,23.18264994645912,0.3947368421052631,0.257764013165998,44.0,23.196725505244267,0.2875816993464052,0.1739064271149219,14.0,0.01407555878514799,-10.71551427588579,-8.38575860510761,1840,2125.6206976203944,17,2008,2024,125.03651162472909
ALT CAMP,"Malvasia de Sitges,Malvasia grossa,Malvasia aromàtica",0.0,0.0,0.0,0.0,1.0,0.0065559276480935,0.0065359477124183,4.9149952369188e-05,1.0,0.0065559276480935,0.65359477124183,0.0049149952369188,20,7.273330400810519,8,2012,2024,0.9091663001013148
ALT CAMP,"Monastrell,Garrut,Mourvedre,Mataró",0.0,0.0,0.0,0.0,4.0,3.1971249298140973,0.0261437908496732,0.0239689249872063,4.0,3.1971249298140973,2.61437908496732,2.39689249872063,43,43.037067281799175,7,2015,2024,6.148152468828454
ALT CAMP,"Moscatell de Alexandria,Moscatell de Màlaga,Moscatell Romà",6.0,32.23573230743611,0.0789473684210526,0.3584237240393083,0.0,0.0,0.0,0.0,-6.0,-32.23573230743611,-7.89473684210526,-35.84237240393083,84,139.15401046734087,12,2008,2022,11.596167538945073
ALT CAMP,"Moscatell de gra petit,Moscatell de gra menut,Muscat de Frontignan",2.0,1.2789397298778358,0.0263157894736842,0.0142203172688246,0.0,0.0,0.0,0.0,-2.0,-1.2789397298778358,-2.63157894736842,-1.42203172688246,45,22.570268354210558,8,2008,2023,2.8212835442763198
ALT CAMP,"Parellada,Montonega,Montonec",22.0,20.678071277640747,0.2894736842105263,0.2299160212213505,63.0,49.55481425299323,0.4117647058823529,0.3715136729592867,41.0,28.876742975352485,12.22910216718266,14.159765173793623,2273,4232.9110489004,17,2008,2024,248.99476758237645
ALT CAMP,Pinot noir,1.0,1.9805523195512815,0.0131578947368421,0.0220214304814941,0.0,0.0,0.0,0.0,-1.0,-1.9805523195512815,-1.31578947368421,-2.2021430481494098,24,51.53478766029973,8,2008,2021,6.441848457537466
ALT CAMP,Tarragoní,0.0,0.0,0.0,0.0,1.0,0.3549995555483606,0.0065359477124183,0.0026614404830045,1.0,0.3549995555483606,0.65359477124183,0.26614404830044996,1,0.3549995555483606,1,2024,2024,0.3549995555483606
ALT CAMP,Trepat,0.0,0.0,0.0,0.0,4.0,3.615567820434372,0.0261437908496732,0.0271060017286179,4.0,3.615567820434372,2.61437908496732,2.71060017286179,35,35.29478725148485,10,2010,2024,3.529478725148485
ALT CAMP,"Ull de llebre,Tempranillo,Cencibel,Tinto fino,Tinta de Toro,Tinta del País",2.0,0.3015909887419229,0.0263157894736842,0.0033533398370056,0.0,0.0,0.0,0.0,-2.0,-0.3015909887419229,-2.63157894736842,-0.33533398370056,32,102.04492216742807,5,2008,2022,20.408984433485614
ALT CAMP,Xarel.lo rosat,0.0,0.0,0.0,0.0,3.0,0.9929681370015327,0.0196078431372549,0.0074443067796727,3.0,0.9929681370015327,1.9607843137254901,0.74443067796727,13,5.83349509142826,5,2017,2024,1.166699018285652
ALT CAMP,"Xarel.lo,Pansa blanca,Pansal,Cartoixà",11.0,10.021426079251338,0.1447368421052631,0.1114265629598037,11.0,9.123978607430342,0.0718954248366013,0.0684026941790758,0.0,-0.8974474718209962,-7.2841417268661806,-4.302386878072791,735,600.4763593486139,17,2008,2024,35.32213878521258
ALT EMPORDÀ,Cabernet Sauvignon,2.0,2.3918646216127244,0.0909090909090909,0.1098830099436065,2.0,0.427993047082703,0.0273972602739726,0.0046138940440686,0.0,-1.9638715745300215,-6.351183063511829,-10.526911589953789,13,8.315471799001942,6,2008,2024,1.3859119665003237
ALT EMPORDÀ,"Carinyena blanca, Carignan blanc",0.0,0.0,0.0,0.0,2.0,0.1812065721895269,0.0273972602739726,0.0019534614636153,2.0,0.1812065721895269,2.73972602739726,0.19534614636153,24,15.043077804558068,7,2013,2024,2.149011114936867
ALT EMPORDÀ,Carinyena gris,0.0,0.0,0.0,0.0,3.0,1.4468351999759124,0.0410958904109589,0.0155973195298842,3.0,1.4468351999759124,4.10958904109589,1.5597319529884202,26,11.550603106701782,6,2013,2024,1.9251005177836304
ALT EMPORDÀ,"Cariñena,Mazuela,Samsó",0.0,0.0,0.0,0.0,2.0,2.7405836849908702,0.0273972602739726,0.0295443181323636,2.0,2.7405836849908702,2.73972602739726,2.95443181323636,58,25.062611206499433,11,2012,2024,2.2784192005908577
ALT EMPORDÀ,Chardonnay,0.0,0.0,0.0,0.0,3.0,5.669207223346527,0.0410958904109589,0.0611157625589535,3.0,5.669207223346527,4.10958904109589,6.11157625589535,11,10.548811094846906,6,2016,2024,1.7581351824744844
ALT EMPORDÀ,"Garnatxa blanca,Lledoner blanc",5.0,2.0816928212937067,0.2272727272727272,0.0956336202788601,13.0,7.445496372610417,0.1780821917808219,0.0802646949591304,8.0,5.36380355131671,-4.91905354919053,-1.5368925319729707,174,161.0508266648472,17,2008,2024,9.47357803910866
ALT EMPORDÀ,"Garnatxa negra,Lledoner",1.0,0.8002911918341303,0.0454545454545454,0.0367656280357529,3.0,1.4181577416503872,0.0410958904109589,0.0152881678857885,2.0,0.6178665498162569,-0.43586550435864985,-2.1477460149964402,224,399.93118897471567,16,2008,2024,24.99569931091973
ALT EMPORDÀ,"Garnatxa roja,Lledoner gris",0.0,0.0,0.0,0.0,17.0,5.485567389522364,0.2328767123287671,0.0591360698015351,17.0,5.485567389522364,23.28767123287671,5.91360698015351,117,248.62030068298975,12,2010,2024,20.718358390249147
ALT EMPORDÀ,"Macabeu,Viura",0.0,0.0,0.0,0.0,1.0,1.2057791632031931,0.0136986301369863,0.0129986627995156,1.0,1.2057791632031931,1.36986301369863,1.2998662799515601,22,11.437977528688805,8,2012,2024,1.4297471910861006
ALT EMPORDÀ,Merlot,5.0,7.166770785283339,0.2272727272727272,0.3292436947923326,0.0,0.0,0.0,0.0,-5.0,-7.166770785283339,-22.72727272727272,-32.92436947923326,11,9.431891878109495,4,2008,2023,2.3579729695273737
ALT EMPORDÀ,"Monastrell,Garrut,Mourvedre,Mataró",2.0,1.5372508790025494,0.0909090909090909,0.0706217869092279,18.0,46.38706853580406,0.2465753424657534,0.5000665798147733,16.0,44.84981765680151,15.566625155666253,42.94447929055455,30,51.27790154356271,6,2008,2024,8.546316923927119
ALT EMPORDÀ,"Moscatell de Alexandria,Moscatell de Màlaga,Moscatell Romà",0.0,0.0,0.0,0.0,2.0,16.989378825204806,0.0273972602739726,0.1831506243111733,2.0,16.989378825204806,2.73972602739726,18.31506243111733,46,64.2233031924624,11,2009,2024,5.838482108405672
ALT EMPORDÀ,"Moscatell de gra petit,Moscatell de gra menut,Muscat de Frontignan",4.0,7.242631321044567,0.1818181818181818,0.3327287515677273,0.0,0.0,0.0,0.0,-4.0,-7.242631321044567,-18.18181818181818,-33.27287515677273,12,16.954768973440988,4,2008,2018,4.238692243360247
ALT EMPORDÀ,Picapoll blanc,0.0,0.0,0.0,0.0,5.0,2.511718925348055,0.0684931506849315,0.0270770870438896,5.0,2.511718925348055,6.8493150684931505,2.70770870438896,12,5.926270504852427,5,2010,2024,1.1852541009704853
ALT EMPORDÀ,Syrah,3.0,0.5468728160703134,0.1363636363636363,0.0251235084724925,1.0,0.8186824355882989,0.0136986301369863,0.0088256434054045,-2.0,0.27180961951798555,-12.266500622665,-1.6297865067088,69,42.62335928314724,11,2008,2024,3.8748508439224763
ALT EMPORDÀ,"Xarel.lo,Pansa blanca,Pansal,Cartoixà",0.0,0.0,0.0,0.0,1.0,0.034109830171412,0.0136986301369863,0.0003677142499038,1.0,0.034109830171412,1.36986301369863,0.036771424990380004,21,30.52855216844731,7,2016,2024,4.361221738349616
ALT PENEDÈS,Cabernet Sauvignon,0.0,0.0,0.0,0.0,7.0,22.00488074164913,0.0176767676767676,0.0508370040318385,7.0,22.00488074164913,1.76767676767676,5.08370040318385,65,119.09833106167743,12,2009,2024,9.924860921806452
ALT PENEDÈS,Cabernet franc,0.0,0.0,0.0,0.0,3.0,5.552065970482278,0.0075757575757575,0.0128267180104375,3.0,5.552065970482278,0.75757575757575,1.2826718010437501,11,9.586603933774846,3,2009,2024,3.1955346445916155
ALT PENEDÈS,"Cariñena,Mazuela,Samsó",0.0,0.0,0.0,0.0,2.0,1.0958364057926826,0.005050505050505,0.0025316674256759,2.0,1.0958364057926826,0.5050505050505,0.25316674256759,29,9.662892478480806,8,2013,2024,1.2078615598101008
ALT PENEDÈS,Chardonnay,6.0,14.980040484920966,0.0160857908847185,0.0226009025382112,4.0,10.160150170760016,0.0101010101010101,0.0234725923425433,-2.0,-4.819890314160951,-0.5984780783708399,0.08716898043320993,325,530.6718586848805,17,2008,2024,31.21599168734591
ALT PENEDÈS,Forcada,0.0,0.0,0.0,0.0,3.0,1.7306511035809358,0.0075757575757575,0.0039982546673804,3.0,1.7306511035809358,0.75757575757575,0.39982546673804,31,102.35283282882959,6,2018,2024,17.058805471471597
ALT PENEDÈS,"Garnatxa blanca,Lledoner blanc",0.0,0.0,0.0,0.0,1.0,0.894759939529361,0.0025252525252525,0.0020671284333428,1.0,0.894759939529361,0.25252525252525,0.20671284333428,73,79.29125535582284,11,2011,2024,7.20829594143844
ALT PENEDÈS,"Garnatxa negra,Lledoner",9.0,1.450640802104545,0.0241286863270777,0.0021886316942414,28.0,17.85088666518771,0.0707070707070707,0.0412401961194192,19.0,16.400245863083164,4.6578384379993,3.90515644251778,302,351.5304351141872,16,2008,2024,21.9706521946367
ALT PENEDÈS,Gewürztraminer,4.0,5.686612929064326,0.0107238605898123,0.0085795886006908,2.0,6.934861914487909,0.005050505050505,0.0160213366864466,-2.0,1.248248985423583,-0.56733555393073,0.7441748085755802,74,217.24991738726823,12,2008,2024,18.10415978227235
ALT PENEDÈS,"Macabeu,Viura",92.0,123.0582267673386,0.2466487935656836,0.185662181119826,71.0,63.259609250243166,0.1792929292929292,0.1461461685825128,-21.0,-59.79861751709543,-6.735586427275439,-3.9516012537313183,2461,2913.027612872179,17,2008,2024,171.35456546306935
ALT PENEDÈS,Malvasia blanca,0.0,0.0,0.0,0.0,1.0,1.5706401372863297,0.0025252525252525,0.0036285876724005,1.0,1.5706401372863297,0.25252525252525,0.36285876724005,1,1.5706401372863297,1,2024,2024,1.5706401372863297
ALT PENEDÈS,"Malvasia de Sitges,Malvasia grossa,Malvasia aromàtica",0.0,0.0,0.0,0.0,10.0,13.46437183005366,0.0252525252525252,0.0311062047118967,10.0,13.46437183005366,2.52525252525252,3.11062047118967,179,312.4421191991522,15,2009,2024,20.829474613276815
ALT PENEDÈS,Merlot,0.0,0.0,0.0,0.0,1.0,0.1457430637641391,0.0025252525252525,0.0003367044251308,1.0,0.1457430637641391,0.25252525252525,0.03367044251308,46,56.30273755534672,9,2011,2024,6.255859728371857
ALT PENEDÈS,"Monastrell,Garrut,Mourvedre,Mataró",2.0,1.6727820629448376,0.0053619302949061,0.0025237838582839,1.0,0.0044775009193599,0.0025252525252525,1.0344192952576834e-05,-1.0,-1.6683045620254777,-0.28366777696536005,-0.2513439665331323,104,102.46221933856478,12,2008,2024,8.538518278213731
ALT PENEDÈS,"Moscatell de Alexandria,Moscatell de Màlaga,Moscatell Romà",2.0,0.1888763740738048,0.0053619302949061,0.0002849642847434,0.0,0.0,0.0,0.0,-2.0,-0.1888763740738048,-0.5361930294906101,-0.02849642847434,162,542.1382479752274,13,2008,2022,41.70294215194057
ALT PENEDÈS,"Moscatell de gra petit,Moscatell de gra menut,Muscat de Frontignan",16.0,12.221480971273875,0.0428954423592493,0.0184389688787828,4.0,12.502824106978691,0.0101010101010101,0.028884779108701,-12.0,0.28134313570481595,-3.2794432258239206,1.04458102299182,167,299.3092487482878,15,2008,2024,19.95394991655252
ALT PENEDÈS,Negrelló,0.0,0.0,0.0,0.0,5.0,1.0025305219711058,0.0126262626262626,0.0023161065395379,5.0,1.0025305219711058,1.26262626262626,0.23161065395379002,5,1.0025305219711058,1,2024,2024,1.0025305219711058
ALT PENEDÈS,"Parellada,Montonega,Montonec",48.0,133.95695212718385,0.128686327077748,0.2021054630920304,41.0,112.6334328502078,0.1035353535353535,0.2602125568028281,-7.0,-21.323519276976057,-2.5150973542394497,5.810709371079772,1967,2539.9229275167713,17,2008,2024,149.40723103039832
ALT PENEDÈS,Petit verdot,0.0,0.0,0.0,0.0,3.0,9.439837721829967,0.0075757575757575,0.0218084830342328,3.0,9.439837721829967,0.75757575757575,2.18084830342328,11,35.742348440514036,5,2013,2024,7.148469688102807
ALT PENEDÈS,Pinot noir,16.0,29.77614429678858,0.0428954423592493,0.0449242934885823,17.0,11.00944522810252,0.0429292929292929,0.0254346850601203,1.0,-18.76669906868606,0.0033850570043597594,-1.9489608428461997,319,449.5330730640367,17,2008,2024,26.443121944943336
ALT PENEDÈS,Sauvignon blanc,1.0,0.1503205937899767,0.002680965147453,0.0002267938523365,1.0,2.01335076183392,0.0025252525252525,0.0046513644858402,0.0,1.8630301680439432,-0.015571262220050001,0.44245706335037,115,240.28929821130743,15,2008,2024,16.019286547420496
ALT PENEDÈS,"Subirat Parent,Alarije,Malvasia riojana",1.0,0.717294565335514,0.002680965147453,0.0010822069926082,0.0,0.0,0.0,0.0,-1.0,-0.717294565335514,-0.2680965147453,-0.10822069926082,27,102.01655154104225,7,2008,2022,14.57379307729175
ALT PENEDÈS,Sumoll Negre,0.0,0.0,0.0,0.0,12.0,5.351617441675307,0.0303030303030303,0.0123636297171277,12.0,5.351617441675307,3.03030303030303,1.23636297171277,145,98.29906150117407,12,2012,2024,8.191588458431172
ALT PENEDÈS,"Ull de llebre,Tempranillo,Cencibel,Tinto fino,Tinta de Toro,Tinta del País",0.0,0.0,0.0,0.0,3.0,1.455947982074702,0.0075757575757575,0.0033636189309032,3.0,1.455947982074702,0.75757575757575,0.33636189309032,22,26.80509155370766,9,2012,2024,2.9783435059675174
ALT PENEDÈS,Xarel.lo rosat,0.0,0.0,0.0,0.0,29.0,29.234087374797117,0.0732323232323232,0.0675383536583667,29.0,29.234087374797117,7.32323232323232,6.753835365836671,162,190.53416290592236,15,2010,2024,12.70227752706149
ALT PENEDÈS,"Xarel.lo,Pansa blanca,Pansal,Cartoixà",176.0,338.9478083842068,0.4718498659517426,0.5113822215996626,147.0,103.53963473519184,0.3712121212121212,0.2392035153603637,-29.0,-235.40817364901494,-10.06377447396214,-27.217870623929898,5854,7695.267137153231,17,2008,2024,452.66277277371944
ALT URGELL,"Macabeu,Viura",1.0,0.0004419391730989,0.125,8.43670570489264e-05,9.0,5.180848887178512,0.3214285714285714,0.2700445941071385,8.0,5.180406948005413,19.64285714285714,26.996022705008954,94,60.56509140550118,13,2008,2024,4.658853185038552
ALT URGELL,"Monastrell,Garrut,Mourvedre,Mataró",6.0,4.859757597939397,0.75,0.9277372803011296,0.0,0.0,0.0,0.0,-6.0,-4.859757597939397,-75.0,-92.77372803011296,7,6.0871722565584605,2,2008,2016,3.0435861282792303
ALT URGELL,"Parellada,Montonega,Montonec",1.0,0.3780911957574732,0.125,0.0721783526418213,7.0,6.173749173635339,0.25,0.3217981504613207,6.0,5.795657977877866,12.5,24.96197978194994,56,67.2754033250688,14,2008,2024,4.805385951790628
ALT URGELL,Pinot noir,0.0,0.0,0.0,0.0,5.0,2.394759445697422,0.1785714285714285,0.1248235292285825,5.0,2.394759445697422,17.85714285714285,12.48235292285825,10,5.215744971955331,2,2022,2024,2.6078724859776656
ALT URGELL,Sauvignon blanc,0.0,0.0,0.0,0.0,4.0,0.041153393884522,0.1428571428571428,0.002145063828281,4.0,0.041153393884522,14.28571428571428,0.21450638282810003,4,0.041153393884522,1,2024,2024,0.041153393884522
ALT URGELL,Trepat,0.0,0.0,0.0,0.0,2.0,5.015237614360878,0.0714285714285714,0.2614123352010192,2.0,5.015237614360878,7.14285714285714,26.14123352010192,42,38.47889317352471,13,2009,2024,2.9599148595019007
ALT URGELL,Viognier,0.0,0.0,0.0,0.0,1.0,0.3794120114453177,0.0357142857142857,0.0197763271736579,1.0,0.3794120114453177,3.57142857142857,1.97763271736579,1,0.3794120114453177,1,2024,2024,0.3794120114453177
ANOIA,Cabernet Sauvignon,3.0,3.390062099878828,0.0769230769230769,0.0559282612848287,0.0,0.0,0.0,0.0,-3.0,-3.390062099878828,-7.69230769230769,-5.59282612848287,7,3.9898332499288562,3,2008,2019,1.3299444166429522
ANOIA,"Garnatxa negra,Lledoner",1.0,0.0666713384796161,0.0256410256410256,0.0010999244051696,5.0,5.900182054448059,0.1612903225806451,0.0756087705855528,4.0,5.833510715968443,13.56492969396195,7.450884618038321,115,392.3640723400394,15,2008,2024,26.157604822669292
ANOIA,"Macabeu,Viura",3.0,16.785445072182377,0.0769230769230769,0.2769214044228606,11.0,25.89699360283795,0.3548387096774194,0.3318609205789448,8.0,9.111548530655572,27.79156327543425,5.493951615608417,262,363.8273430219158,17,2008,2024,21.40160841305387
ANOIA,Merlot,0.0,0.0,0.0,0.0,2.0,0.1917704255788652,0.064516129032258,0.00245747096935,2.0,0.1917704255788652,6.451612903225799,0.245747096935,18,8.424983008947352,7,2010,2024,1.2035690012781932
ANOIA,"Moscatell de Alexandria,Moscatell de Màlaga,Moscatell Romà",2.0,0.0456481595544318,0.0512820512820512,0.0007530900967339,0.0,0.0,0.0,0.0,-2.0,-0.0456481595544318,-5.12820512820512,-0.07530900967338999,11,9.466522054530888,4,2008,2018,2.366630513632722
ANOIA,"Parellada,Montonega,Montonec",0.0,0.0,0.0,0.0,5.0,5.276573665188124,0.1612903225806451,0.0676174470630464,5.0,5.276573665188124,16.12903225806451,6.76174470630464,235,831.530485835805,15,2009,2024,55.435365722387004
ANOIA,Pinot noir,1.0,0.2598943526583349,0.0256410256410256,0.0042876616515214,0.0,0.0,0.0,0.0,-1.0,-0.2598943526583349,-2.56410256410256,-0.42876616515214,56,120.74594279837498,9,2008,2022,13.416215866486109
ANOIA,Sauvignon blanc,19.0,21.516883441041514,0.4871794871794871,0.3549793023463459,1.0,0.2012760776484375,0.032258064516129,0.0025792825778668,-18.0,-21.315607363393077,-45.49214226633581,-35.24000197684791,59,59.77984339948867,13,2008,2024,4.598449492268359
ANOIA,Xarel.lo rosat,0.0,0.0,0.0,0.0,1.0,0.4125216536223295,0.032258064516129,0.0052863207918795,1.0,0.4125216536223295,3.2258064516128995,0.52863207918795,2,2.6891871063755803,2,2013,2024,1.3445935531877902
ANOIA,"Xarel.lo,Pansa blanca,Pansal,Cartoixà",10.0,18.54986882751792,0.2564102564102564,0.3060303557925397,6.0,40.15636553408918,0.1935483870967742,0.5145897874333594,-4.0,21.606496706571264,-6.28618693134822,20.85594316408197,233,677.6272849156452,17,2008,2024,39.860428524449716
BAGES,Cabernet Sauvignon,5.0,16.83772093821494,0.4166666666666667,0.8681475749507118,1.0,1.463999871960356,0.0769230769230769,0.2257066019419427,-4.0,-15.373721066254584,-33.97435897435898,-64.24409730087692,21,52.925293780665235,9,2008,2024,5.880588197851693
BAGES,Coromina,0.0,0.0,0.0,0.0,3.0,0.8319709892699745,0.2307692307692307,0.1282659571895696,3.0,0.8319709892699745,23.07692307692307,12.826595718956959,5,0.9913236015229336,2,2022,2024,0.4956618007614668
BAGES,"Garró,Mandó",0.0,0.0,0.0,0.0,3.0,2.273279168259089,0.2307692307692307,0.3504741538304308,3.0,2.273279168259089,23.07692307692307,35.04741538304308,41,160.61126974399536,8,2012,2024,20.07640871799942
BAGES,"Macabeu,Viura",0.0,0.0,0.0,0.0,1.0,0.4050829560020322,0.0769230769230769,0.0624521212432811,1.0,0.4050829560020322,7.69230769230769,6.24521212432811,21,10.708289332495074,10,2009,2024,1.0708289332495073
BAGES,"Malvasia de Sitges,Malvasia grossa,Malvasia aromàtica",0.0,0.0,0.0,0.0,2.0,1.2681340468941555,0.1538461538461538,0.1955097346751099,2.0,1.2681340468941555,15.38461538461538,19.55097346751099,7,2.7450095192714485,5,2012,2024,0.5490019038542897
BAGES,"Parellada,Montonega,Montonec",0.0,0.0,0.0,0.0,1.0,0.0011893317517528,0.0769230769230769,0.0001833606910841,1.0,0.0011893317517528,7.69230769230769,0.01833606910841,1,0.0011893317517528,1,2024,2024,0.0011893317517528
BAGES,Parrella,0.0,0.0,0.0,0.0,1.0,0.1427853211941022,0.0769230769230769,0.0220133828364039,1.0,0.1427853211941022,7.69230769230769,2.20133828364039,1,0.1427853211941022,1,2024,2024,0.1427853211941022
BAGES,Picapoll blanc,6.0,1.4824539726096844,0.5,0.0764348587329412,0.0,0.0,0.0,0.0,-6.0,-1.4824539726096844,-50.0,-7.64348587329412,41,35.15146046338465,12,2008,2023,2.929288371948721
BAGES,Sumoll Negre,0.0,0.0,0.0,0.0,1.0,0.0998545034567278,0.0769230769230769,0.0153946875921778,1.0,0.0998545034567278,7.69230769230769,1.53946875921778,43,17.843890675496766,12,2009,2024,1.4869908896247306
BAGES,Syrah,1.0,1.0748236171282814,0.0833333333333333,0.0554175663163469,0.0,0.0,0.0,0.0,-1.0,-1.0748236171282814,-8.33333333333333,-5.54175663163469,8,5.702608280342957,4,2008,2012,1.4256520700857394
BAIX CAMP,"Garnatxa blanca,Lledoner blanc",0.0,0.0,0.0,0.0,1.0,0.0602932499989421,1.0,1.0,1.0,0.0602932499989421,100.0,100.0,37,70.80217260827317,7,2014,2024,10.114596086896167
BAIX EMPORDÀ,"Garnatxa blanca,Lledoner blanc",0.0,0.0,0.0,0.0,5.0,6.612254095381358,0.5555555555555556,0.932947396126554,5.0,6.612254095381358,55.55555555555556,93.29473961265539,49,49.70232253833868,11,2012,2024,4.518392958030788
BAIX EMPORDÀ,"Garnatxa negra,Lledoner",0.0,0.0,0.0,0.0,3.0,0.2881984935888957,0.3333333333333333,0.0406629918153271,3.0,0.2881984935888957,33.33333333333333,4.06629918153271,47,81.65810978185033,12,2009,2024,6.80484248182086
BAIX EMPORDÀ,Marselan,0.0,0.0,0.0,0.0,1.0,0.1870360763439574,0.1111111111111111,0.0263896120581189,1.0,0.1870360763439574,11.11111111111111,2.63896120581189,1,0.1870360763439574,1,2024,2024,0.1870360763439574
BAIX LLOBREGAT,"Macabeu,Viura",1.0,0.011486324474729,1.0,1.0,5.0,1.5045862671604535,0.4166666666666667,0.113653341451446,4.0,1.4930999426857245,-58.33333333333333,-88.6346658548554,21,10.794922258804187,8,2008,2024,1.3493652823505233
BAIX LLOBREGAT,Negrelló,0.0,0.0,0.0,0.0,1.0,0.1398301659916873,0.0833333333333333,0.0105624821570771,1.0,0.1398301659916873,8.33333333333333,1.05624821570771,1,0.1398301659916873,1,2024,2024,0.1398301659916873
BAIX LLOBREGAT,"Xarel.lo,Pansa blanca,Pansal,Cartoixà",0.0,0.0,0.0,0.0,6.0,11.59396484051441,0.5,0.8757841763914768,6.0,11.59396484051441,50.0,87.57841763914767,149,3410.724638305589,16,2009,2024,213.1702898940993
BAIX PENEDÈS,"Carinyena blanca, Carignan blanc",0.0,0.0,0.0,0.0,5.0,6.06238109028326,0.0641025641025641,0.0853995234073769,5.0,6.06238109028326,6.41025641025641,8.53995234073769,7,6.068060475400201,2,2021,2024,3.0340302377001005
BAIX PENEDÈS,Gewürztraminer,0.0,0.0,0.0,0.0,1.0,0.943789000281424,0.0128205128205128,0.0132949627581713,1.0,0.943789000281424,1.28205128205128,1.32949627581713,1,0.943789000281424,1,2024,2024,0.943789000281424
BAIX PENEDÈS,"Macabeu,Viura",11.0,11.729299337309666,0.2037037037037037,0.3050388664355455,7.0,6.768577372503643,0.0897435897435897,0.0953475661047165,-4.0,-4.960721964806023,-11.3960113960114,-20.9691300330829,330,455.7657910733037,17,2008,2024,26.80975241607669
BAIX PENEDÈS,"Malvasia de Sitges,Malvasia grossa,Malvasia aromàtica",0.0,0.0,0.0,0.0,1.0,0.2258600533777607,0.0128205128205128,0.0031816444113255,1.0,0.2258600533777607,1.28205128205128,0.31816444113255,39,15.70113643052117,10,2010,2024,1.570113643052117
BAIX PENEDÈS,"Moscatell de gra petit,Moscatell de gra menut,Muscat de Frontignan",0.0,0.0,0.0,0.0,1.0,0.3749737441797244,0.0128205128205128,0.0052821784982395,1.0,0.3749737441797244,1.28205128205128,0.52821784982395,13,37.933367928635604,5,2011,2024,7.586673585727121
BAIX PENEDÈS,"Parellada,Montonega,Montonec",17.0,16.043974353634173,0.3148148148148148,0.4172487724297495,9.0,5.625225306492071,0.1153846153846153,0.0792413992257112,-8.0,-10.418749047142102,-19.94301994301995,-33.800737320403826,489,669.0339803943576,17,2008,2024,39.35494002319751
BAIX PENEDÈS,Riesling,1.0,0.7776008380615675,0.0185185185185185,0.0202227320968037,0.0,0.0,0.0,0.0,-1.0,-0.7776008380615675,-1.85185185185185,-2.02227320968037,1,0.7776008380615675,1,2008,2008,0.7776008380615675
BAIX PENEDÈS,Sumoll Negre,0.0,0.0,0.0,0.0,1.0,0.0202130329047212,0.0128205128205128,0.0002847368634491,1.0,0.0202130329047212,1.28205128205128,0.028473686344909998,38,21.872433539287574,9,2009,2024,2.4302703932541747
BAIX PENEDÈS,Xarel.lo rosat,0.0,0.0,0.0,0.0,8.0,2.96090875802173,0.1025641025641025,0.0417097165325133,8.0,2.96090875802173,10.25641025641025,4.17097165325133,36,17.211733660513264,6,2012,2024,2.8686222767522107
BAIX PENEDÈS,"Xarel.lo,Pansa blanca,Pansal,Cartoixà",25.0,9.90094465839659,0.4629629629629629,0.2574896290379012,45.0,48.00653678085576,0.5769230769230769,0.6762582721984962,20.0,38.10559212245917,11.396011396011396,41.8768643160595,893,1449.3026254348213,17,2008,2024,85.25309561381302
BARCELONÈS,"Xarel.lo,Pansa blanca,Pansal,Cartoixà",0.0,0.0,0.0,0.0,2.0,0.0667790261055233,1.0,1.0,2.0,0.0667790261055233,100.0,100.0,15,160.83753920946728,4,2014,2024,40.20938480236682
CONCA DE BARBERÀ,Cabernet Sauvignon,0.0,0.0,0.0,0.0,1.0,1.108545555617963,0.0094339622641509,0.0130838018421433,1.0,1.108545555617963,0.9433962264150899,1.30838018421433,34,80.78266861421153,6,2013,2024,13.463778102368588
CONCA DE BARBERÀ,"Garnatxa blanca,Lledoner blanc",0.0,0.0,0.0,0.0,2.0,1.7234940397233158,0.0188679245283018,0.0203418383462685,2.0,1.7234940397233158,1.8867924528301798,2.03418383462685,46,62.343146379200206,9,2010,2024,6.927016264355578
CONCA DE BARBERÀ,"Macabeu,Viura",17.0,10.029707929107598,0.4146341463414634,0.2320437591683241,38.0,38.219540005349565,0.3584905660377358,0.4510927723210309,21.0,28.189832076241967,-5.614358030372757,21.90490131527068,591,470.7779236541662,17,2008,2024,27.692819038480366
CONCA DE BARBERÀ,"Parellada,Montonega,Montonec",5.0,3.825292391654562,0.1219512195121951,0.0885006056758117,33.0,14.50996396673523,0.3113207547169811,0.1712563749097114,28.0,10.684671575080667,18.9369535204786,8.275576923389972,312,308.5871819873741,17,2008,2024,18.15218717572789
CONCA DE BARBERÀ,Parrella,0.0,0.0,0.0,0.0,1.0,2.3354146094187467,0.0094339622641509,0.0275641373636177,1.0,2.3354146094187467,0.9433962264150899,2.75641373636177,1,2.3354146094187467,1,2024,2024,2.3354146094187467
CONCA DE BARBERÀ,Pinot noir,6.0,22.82170286731194,0.1463414634146341,0.5279948091593899,0.0,0.0,0.0,0.0,-6.0,-22.82170286731194,-14.634146341463412,-52.79948091593899,9,24.211089487613776,3,2008,2021,8.070363162537925
CONCA DE BARBERÀ,Trepat,13.0,6.546643843776314,0.3170731707317073,0.1514608259964741,21.0,19.12994130193493,0.1981132075471698,0.2257844614304769,8.0,12.583297458158617,-11.895996318453752,7.432363543400281,517,407.4059585214394,17,2008,2024,23.965056383614083
CONCA DE BARBERÀ,Vinyater,0.0,0.0,0.0,0.0,3.0,1.5978815043349903,0.0283018867924528,0.0188592745367966,3.0,1.5978815043349903,2.83018867924528,1.88592745367966,3,1.5978815043349903,1,2024,2024,1.5978815043349903
CONCA DE BARBERÀ,Xarel.lo rosat,0.0,0.0,0.0,0.0,1.0,0.3891083608762814,0.0094339622641509,0.0045925191463949,1.0,0.3891083608762814,0.9433962264150899,0.45925191463949006,1,0.3891083608762814,1,2024,2024,0.3891083608762814
CONCA DE BARBERÀ,"Xarel.lo,Pansa blanca,Pansal,Cartoixà",0.0,0.0,0.0,0.0,6.0,5.712673240234369,0.0566037735849056,0.0674248201035594,6.0,5.712673240234369,5.66037735849056,6.742482010355939,15,11.676494797455684,5,2009,2024,2.3352989594911366
GARRAF,Chardonnay,0.0,0.0,0.0,0.0,1.0,0.0022522828280695,0.0526315789473684,0.0001060125190687,1.0,0.0022522828280695,5.26315789473684,0.01060125190687,25,189.11459873030142,7,2010,2024,27.01637124718592
GARRAF,"Macabeu,Viura",1.0,1.496505737224499,0.0666666666666666,0.1648538048494839,2.0,5.633770901109121,0.1052631578947368,0.2651755088833241,1.0,4.137265163884622,3.8596491228070198,10.032170403384018,56,140.60368336418136,12,2008,2024,11.71697361368178
GARRAF,"Malvasia de Sitges,Malvasia grossa,Malvasia aromàtica",0.0,0.0,0.0,0.0,3.0,1.9961229757088896,0.1578947368421052,0.0939553516052795,3.0,1.9961229757088896,15.78947368421052,9.39553516052795,41,54.08215628974935,11,2009,2024,4.916559662704486
GARRAF,"Moscatell de gra petit,Moscatell de gra menut,Muscat de Frontignan",1.0,0.0631612730768795,0.0666666666666666,0.0069577923604704,1.0,0.134577239285254,0.0526315789473684,0.0063344052390477,0.0,0.0714159662083745,-1.4035087719298198,-0.06233871214227005,6,3.162018290255214,5,2008,2024,0.6324036580510428
GARRAF,"Parellada,Montonega,Montonec",3.0,1.5733380509254395,0.2,0.1733175874691753,0.0,0.0,0.0,0.0,-3.0,-1.5733380509254395,-20.0,-17.33175874691753,9,19.991626278771946,3,2008,2018,6.663875426257316
GARRAF,"Xarel.lo,Pansa blanca,Pansal,Cartoixà",10.0,5.944769871483108,0.6666666666666666,0.6548708153208703,12.0,13.478718628627671,0.631578947368421,0.6344287217532799,2.0,7.533948757144564,-3.508771929824561,-2.0442093567590414,292,575.453108913126,17,2008,2024,33.85018287724271
GARRIGUES,Albarinyo,3.0,2.115011247208513,0.1071428571428571,0.131464598525236,0.0,0.0,0.0,0.0,-3.0,-2.115011247208513,-10.71428571428571,-13.1464598525236,6,5.954254092118182,2,2008,2009,2.977127046059091
GARRIGUES,Altres varietats,0.0,0.0,0.0,0.0,2.0,3.2963609055049083,0.4,0.9187494572258534,2.0,3.2963609055049083,40.0,91.87494572258534,2,3.2963609055049083,1,2024,2024,3.2963609055049083
GARRIGUES,Cabernet Sauvignon,6.0,6.583964048908823,0.2142857142857142,0.4092451950488625,0.0,0.0,0.0,0.0,-6.0,-6.583964048908823,-21.42857142857142,-40.92451950488625,11,11.288202659775083,4,2008,2021,2.8220506649437707
GARRIGUES,Chardonnay,5.0,1.462666331687783,0.1785714285714285,0.0909162267224373,0.0,0.0,0.0,0.0,-5.0,-1.462666331687783,-17.85714285714285,-9.09162267224373,26,19.366646969994495,6,2008,2021,3.2277744949990823
GARRIGUES,"Macabeu,Viura",0.0,0.0,0.0,0.0,3.0,0.2915170296377231,0.6,0.0812505427741465,3.0,0.2915170296377231,60.0,8.12505427741465,28,15.030013801546342,7,2015,2024,2.1471448287923347
GARRIGUES,Malbec,2.0,0.0497527690819431,0.0714285714285714,0.0030925262555975,0.0,0.0,0.0,0.0,-2.0,-0.0497527690819431,-7.14285714285714,-0.30925262555975,10,5.866382292583783,3,2008,2020,1.9554607641945942
GARRIGUES,Merlot,3.0,0.6907763040666834,0.1071428571428571,0.0429371851354131,0.0,0.0,0.0,0.0,-3.0,-0.6907763040666834,-10.71428571428571,-4.29371851354131,17,7.101327125883656,4,2008,2017,1.775331781470914
GARRIGUES,Petit verdot,6.0,4.319593270964173,0.2142857142857142,0.2684967259200731,0.0,0.0,0.0,0.0,-6.0,-4.319593270964173,-21.42857142857142,-26.849672592007312,16,14.655788571902097,2,2008,2009,7.327894285951048
GARRIGUES,Pinot noir,2.0,0.6006294216725596,0.0714285714285714,0.0373338467522783,0.0,0.0,0.0,0.0,-2.0,-0.6006294216725596,-7.14285714285714,-3.73338467522783,3,3.704355349775896,2,2008,2022,1.852177674887948
GARRIGUES,Viognier,1.0,0.2656734391128829,0.0357142857142857,0.0165136956401019,0.0,0.0,0.0,0.0,-1.0,-0.2656734391128829,-3.57142857142857,-1.65136956401019,1,0.2656734391128829,1,2008,2008,0.2656734391128829
GARROTXA,Chardonnay,0.0,0.0,0.0,0.0,1.0,3.138296401614411,0.25,0.60204156903368,1.0,3.138296401614411,25.0,60.204156903368,3,4.47368283835657,2,2015,2024,2.236841419178285
GARROTXA,"Garnatxa negra,Lledoner",0.0,0.0,0.0,0.0,1.0,0.1671717020804547,0.25,0.0320697285848379,1.0,0.1671717020804547,25.0,3.2069728584837898,2,0.5774640677862323,2,2023,2024,0.28873203389311614
GARROTXA,Viognier,0.0,0.0,0.0,0.0,2.0,1.9072888935530197,0.5,0.3658887023814821,2.0,1.9072888935530197,50.0,36.58887023814821,2,1.9072888935530197,1,2024,2024,1.9072888935530197
GIRONÈS,Caladoc,0.0,0.0,0.0,0.0,1.0,0.0430151480616203,1.0,1.0,1.0,0.0430151480616203,100.0,100.0,3,3.9210159623771634,2,2023,2024,1.9605079811885817
MARESME,Chardonnay,0.0,0.0,0.0,0.0,1.0,0.1330906225239862,0.0909090909090909,0.0339462266935272,1.0,0.1330906225239862,9.09090909090909,3.3946226693527195,8,5.9483029845992785,5,2014,2024,1.1896605969198557
MARESME,"Monastrell,Garrut,Mourvedre,Mataró",0.0,0.0,0.0,0.0,2.0,0.9419780106903012,0.1818181818181818,0.2402618492933103,2.0,0.9419780106903012,18.18181818181818,24.02618492933103,13,7.604885320627184,4,2014,2024,1.901221330156796
MARESME,Verdejo,0.0,0.0,0.0,0.0,1.0,0.0977437300571002,0.0909090909090909,0.0249306131075558,1.0,0.0977437300571002,9.09090909090909,2.49306131075558,1,0.0977437300571002,1,2024,2024,0.0977437300571002
MARESME,"Xarel.lo,Pansa blanca,Pansal,Cartoixà",1.0,0.309897578773385,1.0,1.0,7.0,2.747818454567444,0.6363636363636364,0.7008613109056065,6.0,2.4379208757940587,-36.36363636363637,-29.913868909439344,87,67.90598361694454,14,2008,2024,4.850427401210324
MOIANÈS,"Garró,Mandó",0.0,0.0,0.0,0.0,1.0,0.6733734889262576,1.0,1.0,1.0,0.6733734889262576,100.0,100.0,1,0.6733734889262576,1,2024,2024,0.6733734889262576
NOGUERA,Cabernet franc,0.0,0.0,0.0,0.0,2.0,1.153985340335118,0.2,0.0784868625027059,2.0,1.153985340335118,20.0,7.84868625027059,3,2.228105324161085,2,2014,2024,1.1140526620805424
NOGUERA,Chardonnay,3.0,0.7684621670867637,0.25,0.0788367617447587,1.0,6.00319663956194,0.1,0.4082998741467337,-2.0,5.234734472475177,-15.0,32.9463112401975,20,15.380081682715216,7,2008,2024,2.1971545261021737
NOGUERA,"Garnatxa blanca,Lledoner blanc",4.0,6.853428896354006,0.3333333333333333,0.7030953040730531,2.0,1.533486864906345,0.2,0.1042981817088401,-2.0,-5.3199420314476615,-13.33333333333333,-59.8797122364213,31,21.959506740192882,7,2008,2024,3.137072391456126
NOGUERA,"Macabeu,Viura",0.0,0.0,0.0,0.0,5.0,6.012241980499784,0.5,0.4089150816417202,5.0,6.012241980499784,50.0,40.891508164172016,32,40.86709638723068,7,2011,2024,5.8381566267472405
NOGUERA,Merlot,2.0,0.2464334067414912,0.1666666666666666,0.0252816763210083,0.0,0.0,0.0,0.0,-2.0,-0.2464334067414912,-16.66666666666666,-2.5281676321008297,13,8.277029553505614,4,2008,2020,2.0692573883764034
NOGUERA,Sauvignon blanc,3.0,1.879186083012843,0.25,0.1927862578611798,0.0,0.0,0.0,0.0,-3.0,-1.879186083012843,-25.0,-19.27862578611798,12,6.818151981555844,5,2008,2023,1.363630396311169
OSONA,Coromina,0.0,0.0,0.0,0.0,1.0,0.2505259219894306,1.0,1.0,1.0,0.2505259219894306,100.0,100.0,1,0.2505259219894306,1,2024,2024,0.2505259219894306
PALLARS JUSSÀ,Cabernet Sauvignon,0.0,0.0,0.0,0.0,3.0,3.139069271274172,1.0,1.0,3.0,3.139069271274172,100.0,100.0,14,10.469229386254561,5,2010,2024,2.0938458772509123
PALLARS JUSSÀ,"Garnatxa negra,Lledoner",2.0,0.266405116875246,0.25,0.0906646648874722,0.0,0.0,0.0,0.0,-2.0,-0.266405116875246,-25.0,-9.06646648874722,19,35.06304405409942,5,2008,2020,7.012608810819884
PALLARS JUSSÀ,Merlot,1.0,0.6798898233044736,0.125,0.2313843807255735,0.0,0.0,0.0,0.0,-1.0,-0.6798898233044736,-12.5,-23.13843807255735,7,1.6945642696469339,4,2008,2017,0.42364106741173346
PALLARS JUSSÀ,Pinot noir,4.0,1.8771759861131188,0.5,0.6388523377929546,0.0,0.0,0.0,0.0,-4.0,-1.8771759861131188,-50.0,-63.88523377929546,22,19.09245993778577,6,2008,2017,3.182076656297628
PALLARS JUSSÀ,"Ull de llebre,Tempranillo,Cencibel,Tinto fino,Tinta de Toro,Tinta del País",1.0,0.1148856782993983,0.125,0.0390986165939996,0.0,0.0,0.0,0.0,-1.0,-0.1148856782993983,-12.5,-3.90986165939996,13,4.559496918432002,5,2008,2018,0.9118993836864003
PRIORAT,Altres varietats,0.0,0.0,0.0,0.0,2.0,0.4676076838766909,0.0069204152249134,0.0008753465193191,2.0,0.4676076838766909,0.69204152249134,0.08753465193191,24,119.87351616996298,4,2010,2024,29.968379042490746
PRIORAT,Cabernet Sauvignon,10.0,5.29097703156779,0.0662251655629139,0.0657161488074847,0.0,0.0,0.0,0.0,-10.0,-5.29097703156779,-6.62251655629139,-6.571614880748471,43,16.670800237289587,11,2008,2023,1.5155272942990534
PRIORAT,Cabernet franc,1.0,0.5059554089519194,0.0066225165562913,0.0062841779025421,0.0,0.0,0.0,0.0,-1.0,-0.5059554089519194,-0.66225165562913,-0.6284177902542101,3,0.6685887843038627,2,2008,2018,0.33429439215193135
PRIORAT,"Carinyena blanca, Carignan blanc",0.0,0.0,0.0,0.0,11.0,3.943959801155791,0.0380622837370242,0.0073829656853688,11.0,3.943959801155791,3.80622837370242,0.73829656853688,23,10.194096879462991,4,2016,2024,2.548524219865748
PRIORAT,"Cariñena,Mazuela,Samsó",25.0,27.688043044796032,0.1655629139072847,0.3438970810237482,59.0,129.28215659793946,0.2041522491349481,0.2420120320732852,34.0,101.59411355314343,3.858933522766339,-10.188504895046302,1778,1570.2095925718534,17,2008,2024,92.36527015128549
PRIORAT,"Chenin,Agudelo",0.0,0.0,0.0,0.0,3.0,0.2844644140445228,0.0103806228373702,0.0005325082185127,3.0,0.2844644140445228,1.03806228373702,0.05325082185127,40,27.593966583380446,8,2014,2024,3.4492458229225558
PRIORAT,"Garnatxa blanca,Lledoner blanc",16.0,6.843867957810799,0.1059602649006622,0.0850037039380235,69.0,34.909671345015234,0.2387543252595155,0.0653497800743859,53.0,28.065803387204433,13.279406035885334,-1.965392386363761,1082,1055.7547462457394,17,2008,2024,62.10322036739643
PRIORAT,"Garnatxa negra,Lledoner",49.0,16.428722865269798,0.3245033112582781,0.2040516127908964,74.0,151.27974654676038,0.2560553633217993,0.2831908117620042,25.0,134.85102368149057,-6.844794793647879,7.913919897110783,2333,2950.9996306423564,17,2008,2024,173.58821356719744
PRIORAT,"Garnatxa peluda,Lledoner pelut",3.0,1.045362666253931,0.0198675496688741,0.012983841759936,23.0,198.4033044776982,0.0795847750865051,0.3714045940309427,20.0,197.35794181144428,5.971722541763101,35.84207522710067,122,411.5774128760114,14,2008,2024,29.398386634000815
PRIORAT,"Garnatxa roja,Lledoner gris",0.0,0.0,0.0,0.0,7.0,2.130038584154233,0.0242214532871972,0.003987363606169,7.0,2.130038584154233,2.42214532871972,0.39873636061690004,37,10.945283752329551,8,2011,2024,1.368160469041194
PRIORAT,"Garnatxa tintorera,alicant H Bouschet",1.0,0.0981894195176468,0.0066225165562913,0.0012195536789979,0.0,0.0,0.0,0.0,-1.0,-0.0981894195176468,-0.66225165562913,-0.12195536789979,7,3.184110433762797,3,2008,2020,1.061370144587599
PRIORAT,"Macabeu,Viura",3.0,1.9540147532012224,0.0198675496688741,0.0242696809166344,4.0,0.5850042359468955,0.0138408304498269,0.0010951090826345,1.0,-1.3690105172543268,-0.6026719219047201,-2.31745718339999,130,105.50871313348273,14,2008,2024,7.536336652391624
PRIORAT,Malvasia blanca,0.0,0.0,0.0,0.0,3.0,0.2482962354107601,0.0103806228373702,0.000464802553339,3.0,0.2482962354107601,1.03806228373702,0.0464802553339,3,0.2482962354107601,1,2024,2024,0.2482962354107601
PRIORAT,Merlot,14.0,3.445862424560605,0.0927152317880794,0.0427990532772063,0.0,0.0,0.0,0.0,-14.0,-3.445862424560605,-9.271523178807941,-4.2799053277206305,60,29.604274937299227,11,2008,2021,2.691297721572657
PRIORAT,Pedro Ximénez,1.0,0.0957620652982915,0.0066225165562913,0.0011894049238368,11.0,3.563062156475022,0.0380622837370242,0.0066699375658905,10.0,3.4673000911767304,3.14397671807329,0.54805326420537,70,53.791641030594114,12,2008,2024,4.482636752549509
PRIORAT,Picapoll negre,0.0,0.0,0.0,0.0,1.0,0.0177142649771207,0.0034602076124567,3.316053333740535e-05,1.0,0.0177142649771207,0.34602076124567,0.003316053333740535,37,11.208464870977226,7,2011,2024,1.6012092672824607
PRIORAT,Syrah,26.0,17.05210336877503,0.1721854304635761,0.2117942595057879,11.0,6.986220265000801,0.0380622837370242,0.0130779792613032,-15.0,-10.065883103774228,-13.41231467265519,-19.87162802444847,261,227.35074179434227,17,2008,2024,13.373573046726015
PRIORAT,Viognier,2.0,0.0637242197028845,0.0132450331125827,0.0007914814749053,1.0,0.1728365375305698,0.0034602076124567,0.0003235444299894,-1.0,0.1091123178276853,-0.9784825500126,-0.04679370449159,49,17.043423930375326,9,2008,2024,1.8937137700417028
PRIORAT,Xarel.lo rosat,0.0,0.0,0.0,0.0,2.0,0.4763089559039732,0.0069204152249134,0.0008916350202256,2.0,0.4763089559039732,0.69204152249134,0.08916350202256,2,0.4763089559039732,1,2024,2024,0.4763089559039732
PRIORAT,"Xarel.lo,Pansa blanca,Pansal,Cartoixà",0.0,0.0,0.0,0.0,8.0,1.446835574752119,0.0276816608996539,0.0027084295832922,8.0,1.446835574752119,2.76816608996539,0.27084295832922,27,15.763415367422262,7,2009,2024,2.251916481060323
RIBERA D'EBRE,Cabernet Sauvignon,0.0,0.0,0.0,0.0,1.0,0.2408293939671223,0.0526315789473684,0.0209512051826012,1.0,0.2408293939671223,5.26315789473684,2.09512051826012,11,6.1839571175588235,5,2009,2024,1.2367914235117647
RIBERA D'EBRE,"Cariñena,Mazuela,Samsó",7.0,1.1277226224894568,0.3043478260869565,0.0133409067484703,2.0,1.0360768246552623,0.1052631578947368,0.0901345877291613,-5.0,-0.09164579783419446,-19.90846681922197,7.679368098069101,144,129.35889027995958,16,2008,2024,8.084930642497474
RIBERA D'EBRE,"Garnatxa blanca,Lledoner blanc",3.0,3.212357718936961,0.1304347826086956,0.0380020440456028,0.0,0.0,0.0,0.0,-3.0,-3.212357718936961,-13.04347826086956,-3.80020440456028,92,129.59301348472715,11,2008,2022,11.781183044066104
RIBERA D'EBRE,"Garnatxa negra,Lledoner",4.0,1.7401001281163868,0.1739130434782608,0.0205853044704874,5.0,1.1795999982277905,0.2631578947368421,0.1026205364268798,1.0,-0.5605001298885963,8.924485125858128,8.203523195639239,196,105.44273602671693,17,2008,2024,6.202513883924525
RIBERA D'EBRE,"Garnatxa peluda,Lledoner pelut",0.0,0.0,0.0,0.0,3.0,6.876810636862958,0.1578947368421052,0.5982553386920856,3.0,6.876810636862958,15.78947368421052,59.825533869208556,5,7.049805702909206,2,2014,2024,3.524902851454603
RIBERA D'EBRE,"Macabeu,Viura",1.0,0.1136672196571216,0.0434782608695652,0.0013446779798174,0.0,0.0,0.0,0.0,-1.0,-0.1136672196571216,-4.347826086956521,-0.13446779798174,125,111.85525841449575,16,2008,2023,6.990953650905984
RIBERA D'EBRE,"Monastrell,Garrut,Mourvedre,Mataró",0.0,0.0,0.0,0.0,2.0,0.3726616904007156,0.1052631578947368,0.0324200937878301,2.0,0.3726616904007156,10.52631578947368,3.2420093787830098,2,0.3726616904007156,1,2024,2024,0.3726616904007156
RIBERA D'EBRE,"Moscatell de Alexandria,Moscatell de Màlaga,Moscatell Romà",1.0,1.811637020731481,0.0434782608695652,0.0214315826194054,0.0,0.0,0.0,0.0,-1.0,-1.811637020731481,-4.347826086956521,-2.14315826194054,54,52.317027194273976,8,2008,2020,6.539628399284247
RIBERA D'EBRE,Syrah,4.0,76.3138185565733,0.1739130434782608,0.9027889630656512,6.0,1.7887966665798682,0.3157894736842105,0.1556182381814418,2.0,-74.52502188999343,14.18764302059497,-74.71707248842094,50,134.6973075997701,13,2008,2024,10.36133135382847
RIBERA D'EBRE,"Ull de llebre,Tempranillo,Cencibel,Tinto fino,Tinta de Toro,Tinta del País",1.0,0.0550901954039297,0.0434782608695652,0.0006517144774629,0.0,0.0,0.0,0.0,-1.0,-0.0550901954039297,-4.347826086956521,-0.06517144774629,8,4.796077477797566,5,2008,2021,0.9592154955595132
RIBERA D'EBRE,"Xarel.lo,Pansa blanca,Pansal,Cartoixà",2.0,0.1567889945429549,0.0869565217391304,0.0018548065931022,0.0,0.0,0.0,0.0,-2.0,-0.1567889945429549,-8.695652173913041,-0.18548065931022,3,1.2232571416283633,2,2008,2010,0.6116285708141816
SEGARRA,Cabernet Sauvignon,9.0,0.6448664821564556,1.0,1.0,0.0,0.0,0.0,0.0,-9.0,-0.6448664821564556,-100.0,-100.0,12,2.5468301734235714,3,2008,2015,0.8489433911411904
SEGARRA,"Ull de llebre,Tempranillo,Cencibel,Tinto fino,Tinta de Toro,Tinta del País",0.0,0.0,0.0,0.0,2.0,0.0594434534758961,1.0,1.0,2.0,0.0594434534758961,100.0,100.0,7,1.8457263407424673,3,2011,2024,0.6152421135808225
SEGRIÀ,Albarinyo,4.0,43.00716388999008,0.3333333333333333,0.7760584354844509,13.0,123.13945086264168,0.6190476190476191,0.5974135347869558,9.0,80.1322869726516,28.571428571428577,-17.864490069749507,39,329.08756991927703,5,2008,2024,65.8175139838554
SEGRIÀ,Chardonnay,5.0,12.24809271663954,0.4166666666666667,0.2210151707668433,3.0,30.90949501032504,0.1428571428571428,0.1499580397934049,-2.0,18.661402293685498,-27.38095238095239,-7.1057130973438385,85,346.54520970049043,16,2008,2024,21.659075606280652
SEGRIÀ,"Garnatxa blanca,Lledoner blanc",2.0,0.1562681411077266,0.1666666666666666,0.0028198373976562,0.0,0.0,0.0,0.0,-2.0,-0.1562681411077266,-16.66666666666666,-0.28198373976562,9,10.8894083767266,4,2008,2019,2.72235209418165
SEGRIÀ,Godello,0.0,0.0,0.0,0.0,1.0,10.05617140330343,0.0476190476190476,0.0487877188210982,1.0,10.05617140330343,4.76190476190476,4.878771882109819,20,39.00320104162268,3,2015,2024,13.001067013874227
SEGRIÀ,Pinot noir,0.0,0.0,0.0,0.0,4.0,42.0158419794564,0.1904761904761904,0.2038407065985411,4.0,42.0158419794564,19.04761904761904,20.38407065985411,22,160.3886763115041,6,2009,2024,26.73144605191735
SEGRIÀ,"Ull de llebre,Tempranillo,Cencibel,Tinto fino,Tinta de Toro,Tinta del País",1.0,0.005905079106887,0.0833333333333333,0.0001065563510494,0.0,0.0,0.0,0.0,-1.0,-0.005905079106887,-8.33333333333333,-0.01065563510494,48,38.462955061193895,7,2008,2020,5.494707865884842
SOLSONÈS,Chardonnay,0.0,0.0,0.0,0.0,1.0,0.3600604332144286,0.1111111111111111,0.0018278939151727,1.0,0.3600604332144286,11.11111111111111,0.18278939151727,1,0.3600604332144286,1,2024,2024,0.3600604332144286
SOLSONÈS,"Garnatxa negra,Lledoner",0.0,0.0,0.0,0.0,7.0,196.432519110185,0.7777777777777778,0.997215393033026,7.0,196.432519110185,77.77777777777779,99.72153930330259,27,341.40775356162777,6,2016,2024,56.9012922602713
SOLSONÈS,"Garnatxa tintorera,alicant H Bouschet",0.0,0.0,0.0,0.0,1.0,0.1884543260602143,0.1111111111111111,0.0009567130518012,1.0,0.1884543260602143,11.11111111111111,0.09567130518012,1,0.1884543260602143,1,2024,2024,0.1884543260602143
TARRAGONÈS,Cabernet Sauvignon,0.0,0.0,0.0,0.0,1.0,0.0529190403436876,0.0294117647058823,0.002152923987627,1.0,0.0529190403436876,2.94117647058823,0.21529239876269998,10,0.9055305985731125,5,2010,2024,0.18110611971462248
TARRAGONÈS,Chardonnay,2.0,0.3819759381438565,0.2,0.1242194533025467,0.0,0.0,0.0,0.0,-2.0,-0.3819759381438565,-20.0,-12.42194533025467,16,8.320882113819946,7,2008,2021,1.188697444831421
TARRAGONÈS,"Garnatxa blanca,Lledoner blanc",0.0,0.0,0.0,0.0,1.0,0.4998579999832979,0.0294117647058823,0.0203358993583808,1.0,0.4998579999832979,2.94117647058823,2.03358993583808,3,0.7285372240959869,3,2011,2024,0.24284574136532897
TARRAGONÈS,"Macabeu,Viura",6.0,1.833663754255932,0.6,0.5963116687433435,14.0,6.640651729001933,0.4117647058823529,0.2701639770485892,8.0,4.806987974746001,-18.823529411764707,-32.61476916947543,564,528.8498925479988,17,2008,2024,31.108817208705812
TARRAGONÈS,"Moscatell de Alexandria,Moscatell de Màlaga,Moscatell Romà",0.0,0.0,0.0,0.0,2.0,2.675396912442135,0.0588235294117647,0.1088441164429981,2.0,2.675396912442135,5.88235294117647,10.88441164429981,14,10.001280454604057,7,2013,2024,1.4287543506577225
TARRAGONÈS,"Parellada,Montonega,Montonec",0.0,0.0,0.0,0.0,1.0,0.8918879354666019,0.0294117647058823,0.0362849915280118,1.0,0.8918879354666019,2.94117647058823,3.62849915280118,106,84.57993607122333,14,2009,2024,6.04142400508738
TARRAGONÈS,Syrah,1.0,0.0099277513609302,0.1,0.0032285275679169,0.0,0.0,0.0,0.0,-1.0,-0.0099277513609302,-10.0,-0.32285275679169,15,5.571823669639976,5,2008,2023,1.1143647339279952
TARRAGONÈS,Tarragoní,0.0,0.0,0.0,0.0,1.0,2.038437499999999,0.0294117647058823,0.082930471953504,1.0,2.038437499999999,2.94117647058823,8.2930471953504,2,2.0553973051454686,2,2021,2024,1.0276986525727343
TARRAGONÈS,Xarel.lo rosat,0.0,0.0,0.0,0.0,1.0,0.1009658529800254,0.0294117647058823,0.0041076294165612,1.0,0.1009658529800254,2.94117647058823,0.41076294165612004,9,5.901923126436407,4,2020,2024,1.4754807816091018
TARRAGONÈS,"Xarel.lo,Pansa blanca,Pansal,Cartoixà",1.0,0.8494415664103582,0.1,0.2762403503861928,13.0,11.679961401250797,0.3823529411764705,0.4751799902643275,12.0,10.83051983484044,28.235294117647047,19.893963987813468,441,405.8461381762502,17,2008,2024,23.873302245661776
TERRA ALTA,Cabernet Sauvignon,7.0,2.8249371267697367,0.0179487179487179,0.0074945811485891,0.0,0.0,0.0,0.0,-7.0,-2.8249371267697367,-1.7948717948717898,-0.74945811485891,74,110.47295883411569,11,2008,2021,10.04299625764688
TERRA ALTA,Cabernet franc,3.0,0.176334783458953,0.0076923076923076,0.0004678176131527,0.0,0.0,0.0,0.0,-3.0,-0.176334783458953,-0.76923076923076,-0.046781761315269996,20,26.031005521934837,4,2008,2017,6.507751380483709
TERRA ALTA,"Cariñena,Mazuela,Samsó",3.0,0.3846531259838255,0.0076923076923076,0.0010204878683585,5.0,0.7747555054368602,0.0141643059490084,0.0019386576297232,2.0,0.3901023794530347,0.64719982567008,0.09181697613647,419,479.0710921723445,17,2008,2024,28.180652480726145
TERRA ALTA,Chardonnay,8.0,36.71138261833798,0.0205128205128205,0.0973955963489535,22.0,28.140476689606363,0.0623229461756373,0.0704154400394908,14.0,-8.570905928731616,4.18101256628168,-2.698015630946271,147,176.3629427326956,15,2008,2024,11.757529515513038
TERRA ALTA,"Chenin,Agudelo",2.0,4.962062605882561,0.0051282051282051,0.0131643924078023,0.0,0.0,0.0,0.0,-2.0,-4.962062605882561,-0.51282051282051,-1.31643924078023,18,17.107434754704265,6,2008,2014,2.851239125784044
TERRA ALTA,Escanyavella,0.0,0.0,0.0,0.0,1.0,0.2125178251586172,0.0028328611898017,0.000531779768333,1.0,0.2125178251586172,0.28328611898017,0.0531779768333,1,0.2125178251586172,1,2024,2024,0.2125178251586172
TERRA ALTA,"Garnatxa blanca,Lledoner blanc",148.0,107.0427740927696,0.3794871794871794,0.2839853493396865,139.0,171.1361412569823,0.3937677053824363,0.4282310788900654,-9.0,64.09336716421271,1.4280525895256857,14.42457295503789,2849,2599.0118862560694,17,2008,2024,152.88305213270996
TERRA ALTA,"Garnatxa negra,Lledoner",38.0,28.86761738815364,0.0974358974358974,0.0765860234664169,88.0,143.90818925204462,0.2492917847025495,0.3600990339730736,50.0,115.04057186389099,15.18558872666521,28.35130105066567,2102,2445.107913744884,17,2008,2024,143.82987727911083
TERRA ALTA,"Garnatxa peluda,Lledoner pelut",7.0,17.427252885699563,0.0179487179487179,0.0462346434938922,14.0,15.645035792854577,0.0396600566572237,0.0391483091043135,7.0,-1.782217092844986,2.17113387085058,-0.7086334389578696,178,225.44858297430295,11,2008,2024,20.49532572493663
TERRA ALTA,"Garnatxa tintorera,alicant H Bouschet",1.0,0.3674072736993803,0.0025641025641025,0.0009747344821336,0.0,0.0,0.0,0.0,-1.0,-0.3674072736993803,-0.25641025641025,-0.09747344821336,92,199.43738361513346,11,2008,2021,18.130671237739406
TERRA ALTA,"Macabeu,Viura",91.0,113.75178861282356,0.2333333333333333,0.3017844193689381,56.0,34.866653148095494,0.1586402266288951,0.0872462379087646,-35.0,-78.88513546472807,-7.4693106704438215,-21.453818146017348,1825,1781.8118084515538,17,2008,2024,104.81245932067964
TERRA ALTA,Merlot,16.0,6.435439428057664,0.041025641025641,0.0170732730875179,0.0,0.0,0.0,0.0,-16.0,-6.435439428057664,-4.1025641025640995,-1.70732730875179,30,16.161534914907335,6,2008,2021,2.693589152484556
TERRA ALTA,Morenillo,0.0,0.0,0.0,0.0,5.0,0.4855586911341973,0.0141643059490084,0.0012150053205687,5.0,0.4855586911341973,1.41643059490084,0.12150053205687,63,43.35475634269059,12,2009,2024,3.6128963618908827
TERRA ALTA,"Moscatell de Alexandria,Moscatell de Màlaga,Moscatell Romà",10.0,12.34287036235944,0.0256410256410256,0.0327457353512839,9.0,1.44699043057137,0.0254957507082152,0.0036207797410641,-1.0,-10.89587993178807,-0.014527493281039916,-2.9124955610219803,450,409.0118805010613,17,2008,2024,24.05952238241537
TERRA ALTA,"Parellada,Montonega,Montonec",11.0,5.046028614234607,0.0282051282051282,0.0133871549101441,5.0,1.4073036308097204,0.0141643059490084,0.0035214721316089,-6.0,-3.6387249834248863,-1.4040822256119798,-0.9865682778535201,437,401.95871406551106,17,2008,2024,23.64463023914771
TERRA ALTA,Sauvignon blanc,15.0,11.467414648964422,0.0384615384615384,0.0304231442309861,0.0,0.0,0.0,0.0,-15.0,-11.467414648964422,-3.84615384615384,-3.04231442309861,58,122.56596742265968,10,2008,2020,12.256596742265968
TERRA ALTA,Syrah,18.0,21.88094070093434,0.0461538461538461,0.0580503134518029,8.0,0.7553922797772905,0.0226628895184136,0.001890205356848,-10.0,-21.12554842115705,-2.3490956635432503,-5.6160108094954895,466,536.703733648332,17,2008,2024,31.570807861666587
TERRA ALTA,"Ull de llebre,Tempranillo,Cencibel,Tinto fino,Tinta de Toro,Tinta del País",12.0,7.2417167715193,0.0307692307692307,0.0192123334303411,0.0,0.0,0.0,0.0,-12.0,-7.2417167715193,-3.07692307692307,-1.9212333430341102,87,47.64426701646242,11,2008,2022,4.3312970014965835
TERRA ALTA,Verdejo,0.0,0.0,0.0,0.0,1.0,0.8560182946600747,0.0028328611898017,0.0021420001361457,1.0,0.8560182946600747,0.28328611898017,0.21420001361457,2,1.0929291128074323,2,2018,2024,0.5464645564037162
URGELL,Chardonnay,2.0,1.7375281995666936,0.1176470588235294,0.1058228966146323,0.0,0.0,0.0,0.0,-2.0,-1.7375281995666936,-11.76470588235294,-10.58228966146323,64,96.43346660588166,11,2008,2023,8.766678782352878
URGELL,"Garnatxa negra,Lledoner",1.0,0.683710783675687,0.0588235294117647,0.0416409101119997,0.0,0.0,0.0,0.0,-1.0,-0.683710783675687,-5.88235294117647,-4.16409101119997,62,42.76741461956656,12,2008,2023,3.563951218297213
URGELL,"Macabeu,Viura",8.0,9.233016993793033,0.4705882352941176,0.5623302131263052,5.0,9.574765016571142,0.7142857142857143,0.884933960002353,-3.0,0.3417480227781091,24.369747899159673,32.26037468760479,368,330.3644498917891,17,2008,2024,19.433202934811124
URGELL,"Monastrell,Garrut,Mourvedre,Mataró",1.0,0.3669395320594751,0.0588235294117647,0.0223481864493681,0.0,0.0,0.0,0.0,-1.0,-0.3669395320594751,-5.88235294117647,-2.23481864493681,1,0.3669395320594751,1,2008,2008,0.3669395320594751
URGELL,"Moscatell de Alexandria,Moscatell de Màlaga,Moscatell Romà",1.0,0.2065746807349891,0.0588235294117647,0.012581281321403,0.0,0.0,0.0,0.0,-1.0,-0.2065746807349891,-5.88235294117647,-1.2581281321403,20,20.0407264839437,4,2008,2016,5.010181620985925
URGELL,"Parellada,Montonega,Montonec",3.0,3.9655696804237497,0.1764705882352941,0.2415201493790175,2.0,1.24498589065552,0.2857142857142857,0.1150660399976469,-1.0,-2.72058378976823,10.92436974789916,-12.645410938137058,298,378.08877287731354,16,2008,2024,23.630548304832097
URGELL,Trepat,1.0,0.2258685917309723,0.0588235294117647,0.0137563629972739,0.0,0.0,0.0,0.0,-1.0,-0.2258685917309723,-5.88235294117647,-1.37563629972739,14,9.90625794261449,4,2008,2019,2.4765644856536224
VALLÈS OCCIDENTAL,"Garnatxa negra,Lledoner",7.0,4.072099886847933,0.7777777777777778,0.9194044776394168,1.0,0.283730213536758,0.0833333333333333,0.0436159215472935,-6.0,-3.7883696733111747,-69.44444444444446,-87.57885560921233,14,12.830317710299127,4,2008,2024,3.2075794275747818
VALLÈS OCCIDENTAL,Malvasia blanca,0.0,0.0,0.0,0.0,4.0,0.4637021926628445,0.3333333333333333,0.0712817933782382,4.0,0.4637021926628445,33.33333333333333,7.12817933782382,4,0.4637021926628445,1,2024,2024,0.4637021926628445
VALLÈS OCCIDENTAL,Merlot,1.0,0.1310730069630817,0.1111111111111111,0.0295938490823223,0.0,0.0,0.0,0.0,-1.0,-0.1310730069630817,-11.11111111111111,-2.95938490823223,2,0.1467350504264717,2,2008,2009,0.07336752521323585
VALLÈS OCCIDENTAL,"Monastrell,Garrut,Mourvedre,Mataró",0.0,0.0,0.0,0.0,4.0,3.256310049664686,0.3333333333333333,0.5005704605422234,4.0,3.256310049664686,33.33333333333333,50.05704605422234,7,5.393099542817863,2,2023,2024,2.6965497714089315
VALLÈS OCCIDENTAL,Picapoll blanc,0.0,0.0,0.0,0.0,1.0,0.8533843730302269,0.0833333333333333,0.1311849922495142,1.0,0.8533843730302269,8.33333333333333,13.11849922495142,2,1.1685810986396574,2,2022,2024,0.5842905493198287
VALLÈS OCCIDENTAL,Xarel.lo rosat,0.0,0.0,0.0,0.0,2.0,1.648071352671003,0.1666666666666666,0.2533468322827305,2.0,1.648071352671003,16.66666666666666,25.334683228273054,5,2.2369091551492843,2,2023,2024,1.1184545775746422
VALLÈS OCCIDENTAL,"Xarel.lo,Pansa blanca,Pansal,Cartoixà",1.0,0.2258895981436728,0.1111111111111111,0.0510016732782608,0.0,0.0,0.0,0.0,-1.0,-0.2258895981436728,-11.11111111111111,-5.10016732782608,15,11.77368019971535,4,2008,2023,2.9434200499288377
