any;comarca;sup_seca_ha;sup_reg_ha;rend_seca_kg_ha;rend_reg_kg_ha;prod_total_t;sup_total_ha;rend_total_kg_ha;precip_anual_mm;tmax_mitjana_any;tmin_mitjana_any;elev_m_num;precip_apr_sep_mm;tmax_mitjana_apr_sep;tmin_mitjana_apr_sep;precip_oct_mar_mm;tmax_mitjana_oct_mar;tmin_mitjana_oct_mar;proxy_de;pq_meteocat_precip_abr_jun.precip_abr_jun_mm;pq_meteocat_precip_jul_ago.precip_jul_ago_mm;pq_meteocat_tmax_jun_aug.tmax_mitjana_jun_aug;pq_meteocat_tmax_jul_aug.tmax_mitjana_jul_aug
2013;ALT CAMP;5752;34,3;9939;14898;57680;5786,3;9968,373572;574,1;21,60833333;10,575;230;243,8;26,6;14,16666667;330,3;16,61666667;6,983333333;;172,8;47;29,8;31
2012;ALT CAMP;5914;35;6650;10620;39699;5949;6673,22239;459,4;22,11666667;10,65;230;222,7;27,31666667;15,48333333;236,7;16,91666667;5,816666667;;147,1;32,1;30,6;31,1
2011;ALT CAMP;5930;36;6950;13300;41690;5966;6987,931612;572,1;22,11666667;11,11666667;230;209,4;27,18333333;15,13333333;362,7;17,05;7,1;;147,5;28,9;28,86666667;29,9
2010;ALT CAMP;6075;39;6000;11500;36893;6114;6034,18384;680,4;20,425;9,716666667;230;428,7;26,46666667;14,48333333;251,7;14,38333333;4,95;;177,2;93,9;29,5;30,5
2009;ALT CAMP;6325;41;6581;11249;42086;6366;6611,05875;480,4;21,65833333;10,76666667;230;229,2;27,15;14,96666667;251,2;16,16666667;6,566666667;;141,9;48,7;30,3;30,9
2008;ALT CAMP;6576;43;5820;9950;38700;6619;5846,804653;556,5;21,025;10,1;230;358,3;26,01666667;14,06666667;198,2;16,03333333;6,133333333;;258;40,4;29,53333333;30,8
2014;ALT CAMP;5805;32;9217;13826;53947,117;5837;9242,267775;596;22,39166667;11,4;230;336;27,3;15,11666667;260;17,48333333;7,683333333;;192,5;36,5;29,56666667;29,85
2015;ALT CAMP;5827;28;9165;13748;53789;5855;9186,848847;426,5;22,275;10,65;230;221;27,43333333;14,7;205,5;17,11666667;6,6;;94,5;40,9;30,46666667;31
2016;ALT CAMP;5930;28;9000;12000;53706;5958;9014,098691;373,6;22,49166667;10,925;230;151,5;27,65;14,46666667;222,1;17,33333333;7,383333333;;92,2;21,4;31,06666667;32,05
2017;ALT CAMP;6038;26;8194;9423;49720,37;6064;8199,269459;324,6;22,68333333;10,33333333;230;113,5;28,31666667;14,53333333;211,1;17,05;6,133333333;;53,6;45,5;31,5;31,85
2018;ALT CAMP;6157;25;9000;12000;55713;6182;9012,131996;770,4;22,25;11,15833333;230;305;28,23333333;15,48333333;465,4;16,26666667;6,833333333;;197,2;50,3;31,46666667;32,9
2019;ALT CAMP;6262;24;7902;8695;49691,004;6286;7905,027681;383,1;22,36666667;10,35833333;230;200,6;27,4;14,3;182,5;17,33333333;6,416666667;;90,5;56,8;31,03333333;32,25
2020;ALT CAMP;6348;22;5781;7240;36857,068;6370;5786,038932;605,8;21,91666667;10,86666667;230;380,1;27,06666667;14,93333333;225,7;16,76666667;6,8;;201,8;59,3;30;31,8
2021;ALT CAMP;6258;23;6307;7956;39652,194;6281;6313,03837;420,1;21,575;10,95;230;215,4;26,7;15,08333333;204,7;16,45;6,816666667;;90,1;63,8;30,06666667;30,55
2022;ALT CAMP;6278;20;5288;6670;33331,464;6298;5292,388695;390,2;22,90833333;11,63333333;230;252;28,21666667;15,76666667;138,2;17,6;7,5;;135,9;68,4;31,56666667;32,15
2023;ALT CAMP;6284;22;5038;4083;31748,618;6306;5034,668252;248,3;22,975;11,46666667;230;178,9;28,01666667;15,96666667;69,4;17,93333333;6,966666667;;86,5;36,6;30,96666667;32
2024;ALT CAMP;6358;24;4742;3748;30239,588;6382;4738,261987;703,6;22,375;11,79166667;230;312,5;27,13333333;15,26666667;391,1;17,61666667;8,316666667;;161,2;37,1;30,3;31,65
2013;ALT EMPORDÀ;1765,4;51,5;4230;6150;7784;1816,9;4284,220375;1183,5;21,05833333;9,016666667;31;492;25,95;12,98333333;691,5;16,16666667;5,05;;312,8;101,6;29,76666667;31,25
2012;ALT EMPORDÀ;1747;59;4050;6650;7467;1806;4134,551495;1037,8;21,65;9,191666667;31;543,1;26,56666667;13,6;494,7;16,73333333;4,783333333;;279,9;82,2;29,93333333;30,6
2011;ALT EMPORDÀ;1863;61;5075;8200;9954;1924;5173,596674;1411,3;22,325;9,675;31;370,4;27,38333333;13,68333333;1040,9;17,26666667;5,666666667;;184,3;139,8;29;29,8
2010;ALT EMPORDÀ;1747;59;4250;6850;7831;1806;4336,101883;1623,3;20,90833333;8,516666667;31;607;26,9;13,36666667;1016,3;14,91666667;3,666666667;;332,6;78,5;30,73333333;31,85
2009;ALT EMPORDÀ;1866;82;5350;9630;10773;1948;5530,287474;781,5;22,08333333;9,55;31;351,5;27,5;14,16666667;430;16,66666667;4,933333333;;257,8;67,2;30,96666667;31,85
2008;ALT EMPORDÀ;1867;84;4200;6642;8399;1951;4304,971809;1050;21,38333333;8,916666667;31;410,9;26,46666667;13,05;639,1;16,3;4,783333333;;277,8;69,4;29,6;30,4
2014;ALT EMPORDÀ;1622;172;4100;6100;7699,4;1794;4291,750279;1394,7;22,275;9,883333333;31;663;26,56666667;13,93333333;731,7;17,98333333;5,833333333;;207;218,2;28,9;28,8
2015;ALT EMPORDÀ;1729;52;3690;5490;6665;1781;3742,279618;961,3;22,25;9,45;31;447,2;27,5;14;514,1;17;4,9;;240,7;121,1;30,73333333;31,2
2016;ALT EMPORDÀ;1713;57;3324;5462;6005,346;1770;3392,850847;1102,8;22,38333333;9,325;31;456,8;27,55;13,71666667;646;17,21666667;4,933333333;;344,5;21,1;30,7;32,1
2017;ALT EMPORDÀ;1714;55;4353;6337;7809,577;1769;4414,684568;961,7;22,33333333;9,4;31;291,1;27,35;13,85;670,6;17,31666667;4,95;;154,2;48,8;30,76666667;31,1
2018;ALT EMPORDÀ;1701;53;4450;6500;7913,95;1754;4511,944128;1602,9;22,49166667;10,25;31;589,8;28,23333333;14,75;1013,1;16,75;5,75;;411,4;149,1;31,46666667;32,9
2019;ALT EMPORDÀ;1719;54;4499;6500;8084,781;1773;4559,944162;1095,2;22,91666667;9,433333333;31;480,9;27,63333333;13,8;614,3;18,2;5,066666667;;278,6;56,6;31,86666667;32,9
2020;ALT EMPORDÀ;1735;60;3356;4951;6119,72;1795;3409,314763;1436,3;22,44166667;9,741666667;31;781;27,58333333;14,31666667;655,3;17,3;5,166666667;;530,2;62,6;30,56666667;32,25
2021;ALT EMPORDÀ;1737;60;4065;6000;7421;1797;4129,660545;799,9;22,14166667;9,791666667;31;251,6;27,5;14,08333333;548,3;16,78333333;5,5;;135,9;33,7;31,16666667;31,55
2022;ALT EMPORDÀ;1727;61;3970;5809;7210,539;1788;4032,739933;841,6;23,65833333;10,525;31;340,7;29,18333333;15,21666667;500,9;18,13333333;5,833333333;;156,1;25,8;33,26666667;34
2023;ALT EMPORDÀ;1730;72;4262;4295;7682,5;1802;4263,318535;473;24,01666667;10,31666667;31;281,4;29,36666667;15,3;191,6;18,66666667;5,333333333;;142,7;83,1;32,63333333;33,4
2024;ALT EMPORDÀ;1727;79;2489;4300;4638,203;1806;2568,218715;1275,9;23,06666667;10,69166667;31;474,7;27,66666667;14,53333333;801,2;18,46666667;6,85;;369,2;40,3;31,76666667;33,8
2013;ALT PENEDÈS;16498,2;15,2;12471;15000;205977;16513,4;12473,32469;1838,4;21,26666667;9,958333333;325;875,8;25,85;13,95;962,6;16,68333333;5,966666667;;599;159,8;29,16666667;30,55
2012;ALT PENEDÈS;16363;13;9543;15178;156346;16376;9547,264289;1340,9;21,51666667;10,125;325;726;26,46666667;15,15;614,9;16,56666667;5,1;;386,4;188,1;29,73333333;30,15
2011;ALT PENEDÈS;16423;16;10329;15178;169882;16439;10334,08358;2070,6;21,61666667;10,69166667;325;886,8;26,25;15,18333333;1183,8;16,98333333;6,2;;678,9;140,6;27,76666667;28,85
2010;ALT PENEDÈS;16464;16;10097;14837;166469;16480;10101,27427;2135,7;20,075;9,525;325;1124,9;25,41666667;14,25;1010,8;14,73333333;4,8;;614,4;308,4;28,53333333;29,85
2009;ALT PENEDÈS;16687;14;9874;14509;164971;16701;9877,911502;1641,9;21,80833333;10,50833333;325;703,4;27,25;15,08333333;938,5;16,36666667;5,933333333;;360,2;215,7;30,53333333;31,25
2008;ALT PENEDÈS;17451;15;8909;13091;155667;17466;8912,572999;1896,7;20,89166667;9,908333333;325;1036,8;25,65;14,38333333;859,9;16,13333333;5,433333333;;780,9;157,7;28,73333333;29,75
2014;ALT PENEDÈS;16601;15;10679;17000;177537,079;16616;10684,70625;1742,6;21,75;10,725;325;929,8;26,21666667;14,95;812,8;17,28333333;6,5;;329,8;301,5;28,73333333;28,9
2015;ALT PENEDÈS;16666;15;10174;17000;169815;16681;10180,14508;1026,1;22,275;10,26666667;325;569,6;27,36666667;14,98333333;456,5;17,18333333;5,55;;181;259,1;30,63333333;31,15
2016;ALT PENEDÈS;16737;15;8424;16333;141237,483;16752;8431,081841;1475,2;21,94166667;10,4;325;617,3;26,68333333;14,53333333;857,9;17,2;6,266666667;;341;88,9;29,86666667;30,75
2017;ALT PENEDÈS;16842;17;8017;16780;135307,574;16859;8025,836289;1087;22,13333333;9,841666667;325;358,7;27,28333333;14,63333333;728,3;16,98333333;5,05;;197,3;102,1;30,8;31,15
2018;ALT PENEDÈS;16940;17;10300;18800;174801,6;16957;10308,52155;2570,5;21,65833333;10,68333333;325;902,2;26,96666667;15,53333333;1668,3;16,35;5,833333333;;578,8;201,1;30,16666667;31,45
2019;ALT PENEDÈS;17144;15;10373;18942;178118,842;17159;10380,49082;1365,5;22,14166667;10,13333333;325;688,8;26,63333333;14,7;676,7;17,65;5,566666667;;363,4;258,5;30,36666667;31,4
2020;ALT PENEDÈS;17294;16;6050;11720;104816,22;17310;6055,240901;2124,6;22,15833333;10,56666667;325;1279,9;27,13333333;15,23333333;844,7;17,18333333;5,9;;840,8;129,3;30,2;32,1
2021;ALT PENEDÈS;17291;16;8739;17500;151386,049;17307;8747,099382;1240,7;21,675;10,49166667;325;607,7;26,51666667;15,03333333;633;16,83333333;5,95;;251,8;127,7;30;30,5
2022;ALT PENEDÈS;17427;17;7219;14706;126055,515;17444;7226,296434;947,2;23,58333333;10,98333333;325;575,6;28,8;15,53333333;371,6;18,36666667;6,433333333;;267,1;237,5;32,6;33,1
2023;ALT PENEDÈS;17374;17;5176;11197;90118,173;17391;5181,88563;675,2;23,51666667;10,83333333;325;422,4;28,4;15,86666667;252,8;18,63333333;5,8;;183,5;98,4;31,5;32,45
2024;ALT PENEDÈS;17369;15;4699;12000;81796,931;17384;4705,299758;2041,1;22,88333333;11,11666667;325;889,7;27,25;15,08333333;1151,4;18,51666667;7,15;;499,5;140,3;30,6;32,3
2013;ALT URGELL;14,6;0;7650;;112;14,6;7671,232877;1264,1;19,75;5,941666667;566;835,6;25,83333333;10,6;428,5;13,66666667;1,283333333;;453,6;272,8;30,23333333;32,05
2012;ALT URGELL;4;0;5100;;19;4;4750;1058,2;20,50833333;6,416666667;566;732,1;27,35;12,1;326,1;13,66666667;0,733333333;;418,9;171,5;32,03333333;32,45
2011;ALT URGELL;11;0;6750;10700;76;11;6909,090909;955;20,69166667;7,1;566;517,1;27,5;12,11666667;437,9;13,88333333;2,083333333;;359,9;109,6;29,73333333;31,15
2010;ALT URGELL;15;0;6600;10200;98;15;6533,333333;1496,9;18,4;5,3;566;861,9;25,4;10,4;635;11,4;0,2;;557,3;185;29,26666667;30,9
2009;ALT URGELL;18;;3906;;70;18;3888,888889;1291,9;20,41666667;6,641666667;566;761,1;27,43333333;12,06666667;530,8;13,4;1,216666667;;421,6;234;32;32,5
2008;ALT URGELL;12;0;3900;;54;12;4500;1591,2;19,29166667;6,066666667;566;1003,8;25,83333333;11;587,4;12,75;1,133333333;;756,1;133,9;30,23333333;31,75
2014;ALT URGELL;16;0;5865;0;93,84;16;5865;1450,5;20,43333333;7,275;566;910;26,53333333;11,85;540,5;14,33333333;2,7;;366,9;367,2;29,33333333;29,55
2015;ALT URGELL;15;0;4200;0;63;15;4200;1065,1;21,04166667;6,816666667;566;728,3;27,81666667;12,08333333;336,8;14,26666667;1,55;;299,6;308,2;31,76666667;32,55
2016;ALT URGELL;16;0;3910;0;62,56;16;3910;1280,5;20,43333333;6,766666667;566;726,8;27,06666667;11,43333333;553,7;13,8;2,1;;497,1;75,8;31,5;32,75
2017;ALT URGELL;16;0;3630;0;58,08;16;3630;978,2;20,8;6,466666667;566;459,1;27,8;11,9;519,1;13,8;1,033333333;;297,9;71,2;32,43333333;32,8
2018;ALT URGELL;16;0;4520;0;72,32;16;4520;2100,5;19,89166667;7,508333333;566;1060,6;26,78333333;12,96666667;1039,9;13;2,05;;760,4;190,1;30,46666667;31,75
2019;ALT URGELL;14;0;4940;0;69,16;14;4940;1179;20,93333333;6,375;566;632,4;27,51666667;11,48333333;546,6;14,35;1,266666667;;331,7;218,1;32,46666667;33,2
2020;ALT URGELL;12;0;3670;0;44,04;12;3670;1434,8;20,5;7,316666667;566;862,1;26,86666667;12,55;572,7;14,13333333;2,083333333;;601,7;172,8;30,43333333;32,3
2021;ALT URGELL;11;0;3700;0;40,7;11;3700;1014,2;20,34166667;6,658333333;566;647,4;26,85;11,83333333;366,8;13,83333333;1,483333333;;391,3;59,8;31;31,85
2022;ALT URGELL;12;0;2960;0;35,52;12;2960;1032,6;22,175;7,658333333;566;652,3;29,06666667;12,98333333;380,3;15,28333333;2,333333333;;166;308,4;33,76666667;34
2023;ALT URGELL;11;0;2072;0;22,792;11;2072;789,3;21,75;6,966666667;566;497,3;28,58333333;12,43333333;292;14,91666667;1,5;;288,7;145,5;31,83333333;33,4
2024;ALT URGELL;11;0;2350;0;25,85;11;2350;1420;20,99166667;7,533333333;566;784,2;27,43333333;11,73333333;635,8;14,55;3,333333333;;380,7;167,6;32,2;33,65
2013;ALTA RIBAGORÇA;0;0;;;;0;;977,6;18,25833333;2,933333333;823;598;23,23333333;7,233333333;379,6;13,28333333;-1,366666667;;274,4;287,7;26,83333333;28,3
2012;ALTA RIBAGORÇA;0;0;;;;0;;670,3;19,15833333;2,866666667;823;333,6;24,56666667;7,783333333;336,7;13,75;-2,05;;232,9;57,4;28,53333333;29,45
2011;ALTA RIBAGORÇA;0;0;;;0;0;;764,2;19,53333333;3,658333333;823;429,7;25,4;8,25;334,5;13,66666667;-0,933333333;;243,9;137;27,06666667;28,2
2010;ALTA RIBAGORÇA;0;0;;;;0;;962,2;17,11666667;2,65;823;555,4;23,5;7,4;406,8;10,73333333;-2,1;;327;157,1;27,1;29
2013;ANOIA;2309,3;6,4;9254;13000;21453;2315,7;9264,153388;1209,2;20,68333333;6,766666667;489;621,5;26,2;10,73333333;587,7;15,16666667;2,8;;450,2;132,6;29,83333333;31,3
2012;ANOIA;2301;6;7119;12965;16462;2307;7135,674036;987,6;21,23333333;6,85;489;543,7;27,15;11,96666667;443,9;15,31666667;1,733333333;;320,9;123,1;31,23333333;31,85
2011;ANOIA;2376;6;8839;12965;21080;2382;8849,706129;1438;21,525;7,683333333;489;555,7;27,3;12,11666667;882,3;15,75;3,25;;476,7;66,8;29,03333333;30,35
2010;ANOIA;2375;6;9056;13284;21594;2381;9069,298614;1600;19,5;6,7;489;845,4;25,96666667;11,5;754,6;13,03333333;1,9;;556,2;160,8;29,66666667;31,1
2009;ANOIA;2533;6;8856;12990;22510;2539;8865,695156;1177,9;21,05;7,925;489;552,2;27,05;12,26666667;625,7;15,05;3,583333333;;354,8;155,3;30,66666667;31,25
2008;ANOIA;2619;6;8260;12115;21706;2625;8268,952381;1587,2;20,18333333;7,791666667;489;973,4;25,7;12,3;613,8;14,66666667;3,283333333;;755,3;139,1;29,3;30,7
2014;ANOIA;2284;6;7920;13000;18167,28;2290;7933,310044;1208,5;21,55;7,741666667;489;678,2;27,08333333;11,93333333;530,3;16,01666667;3,55;;351,7;138,1;29,73333333;29,9
2015;ANOIA;2206;2;7630;13000;16858;2208;7634,963768;633,5;22,11666667;7,225;489;307,8;28,31666667;11,95;325,7;15,91666667;2,5;;101,8;120,3;31,93333333;32,6
2016;ANOIA;2195;3;7739;13000;17026,105;2198;7746,180619;978,7;21,76666667;7,4;489;424,1;27,53333333;11,6;554,6;16;3,2;;255,9;47,4;31,36666667;32,5
2017;ANOIA;2236;3;6210;13000;13924,56;2239;6219,097812;843,7;21,975;6,933333333;489;261,6;28,13333333;11,61666667;582,1;15,81666667;2,25;;129,1;74,3;32,1;32,5
2018;ANOIA;2213;3;6500;16600;14434,3;2216;6513,673285;1918,1;21,10833333;7,933333333;489;831,7;27,48333333;12,61666667;1086,4;14,73333333;3,25;;534,6;183,6;30,96666667;32,6
2019;ANOIA;2196;3;6657;17000;14669,772;2199;6671,110505;969,1;22,08333333;7,133333333;489;463,5;27,88333333;11,51666667;505,6;16,28333333;2,75;;234,7;145,2;32,2;33,35
2020;ANOIA;2178;3;3238;9900;7082,064;2181;3247,163686;1471;21,825;7,658333333;489;991,5;27,5;12,21666667;479,5;16,15;3,1;;652,7;238,2;30,9;32,8
2021;ANOIA;2102;3;5298;14900;11181,096;2105;5311,684561;747,2;21,68333333;7,533333333;489;406;27,55;12,01666667;341,2;15,81666667;3,05;;249,7;54,6;31,63333333;32,45
2022;ANOIA;2141;3;4551;12491;9781,164;2144;4562,110075;788,5;23,35;8,333333333;489;523,4;29,45;12,91666667;265,1;17,25;3,75;;191,7;208,6;33,86666667;34,45
2023;ANOIA;2060;0;3741;0;7706,46;2060;3741;622,6;23,15;8,058333333;489;469,6;28,96666667;13,03333333;153;17,33333333;3,083333333;;331,8;50,3;32,16666667;33,6
2024;ANOIA;2056;0;3808;0;7829,248;2056;3808;1365,2;22,38333333;8,566666667;489;627,6;27,65;12,4;737,6;17,11666667;4,733333333;;378,5;78,7;31,73333333;33,55
2013;BAGES;342,4;22,4;4185;11500;1691;364,8;4635,416667;1604,7;21,12083333;7,483333333;327;966,8;26,875;11,93333333;637,9;15,36666667;3,033333333;;611,8;200,1;30,76666667;32,375
2012;BAGES;350;26;3519;11340;1526;376;4058,510638;1414,7;21,77916667;7,491666667;327;879,7;27,99166667;12,96666667;535;15,56666667;2,016666667;;511,8;161,8;32,28333333;32,9
2011;BAGES;346;25;6028;11340;2362;371;6366,576819;2203,2;22,17083333;8,441666667;327;917,9;28,18333333;13,31666667;1285,3;16,15833333;3,566666667;;688,2;131;29,91666667;31,325
2010;BAGES;303;9;6052;11386;1935;312;6201,923077;2112,5;20,14583333;7,404166667;327;1251,1;26,79166667;12,55833333;861,4;13,5;2,25;;750,9;267,7;30,36666667;31,85
2009;BAGES;319;9;5918;11134;1988;328;6060,97561;1568,7;21,7375;8,3125;327;799,5;28,04166667;13,225;769,2;15,43333333;3,4;;386,6;285;31,9;32,625
2008;BAGES;334;6;5313;9996;1835;340;5397,058824;2087,1;20,775;8,1375;327;1401,5;26,525;13,05833333;685,6;15,025;3,216666667;;1007,6;272,8;30,18333333;31,65
2014;BAGES;339;24;3520;11500;1469,28;363;4047,603306;2047,7;21,68333333;8,6;327;1205,9;27,425;13,15833333;841,8;15,94166667;4,041666667;;420,2;372,8;30,03333333;30,25
2015;BAGES;343;25;3750;11500;1573;368;4274,456522;1061,8;22,52916667;8,179166667;327;699,6;29,13333333;13,3;362,2;15,925;3,058333333;;239,8;222,5;32,96666667;33,775
2016;BAGES;347;26;2673;11500;1226;373;3286,863271;1398,8;22,13333333;8,266666667;327;667,6;28,275;12,79166667;731,2;15,99166667;3,741666667;;417,9;131,7;32,36666667;33,5
2017;BAGES;363;26;2600;9000;1177,8;389;3027,763496;1294,5;22,27083333;7,829166667;327;531,4;28,80833333;12,98333333;763,1;15,73333333;2,675;;196,2;97,8;33,05;33,475
2018;BAGES;361;26;2800;11400;1307;387;3377,260982;2710,6;21,32916667;8,625;327;1127;27,95;13,75;1583,6;14,70833333;3,5;;863,5;210,3;31,43333333;33,05
2019;BAGES;377;30;3431;13722;1705,147;407;4189,550369;1453,1;22,26666667;7,625;327;837,1;28,16666667;12,45833333;616;16,36666667;2,791666667;;389,2;353,9;32,76666667;33,7
2020;BAGES;391;30;2400;7440;1161,6;421;2759,144893;1939,4;21,86666667;8,479166667;327;1214,7;27,84166667;13,48333333;724,7;15,89166667;3,475;;870;232,2;31,2;33,2
2021;BAGES;391;30;3392;10700;1647,272;421;3912,760095;1155;21,87916667;8,166666667;327;826,9;28,08333333;13,08333333;328,1;15,675;3,25;;364,2;145,4;32,45;33,275
2022;BAGES;391;30;2023;6378;982,333;421;2333,332542;1045,3;23,65;8,775;327;676,4;30,1;13,725;368,9;17,2;3,825;;284,4;337,7;34,45;34,925
2023;BAGES;402;21;1950;3496;857,316;423;2026,751773;1059,3;23,32916667;8,654166667;327;849,7;29,43333333;13,85;209,6;17,225;3,458333333;;645,9;96,5;32,66666667;34,025
2024;BAGES;405;20;1965;5000;895,825;425;2107,823529;2169;22,43333333;9,029166667;327;1095,7;27,99166667;13,16666667;1073,3;16,875;4,891666667;;681,2;230,9;32,23333333;33,9
2013;BAIX CAMP;199,9;3,7;7432;11138;1527;203,6;7500;1034,4;22,08333333;10,925;132;374,4;26,31666667;15,06666667;660;17,85;6,783333333;;293,5;48,6;29,36666667;30,75
2012;BAIX CAMP;216;3;6270;12000;1392;219;6356,164384;907,1;21,95833333;11,30833333;132;359,2;26,5;16,83333333;547,9;17,41666667;5,783333333;;157,4;89,7;29,46666667;30
2011;BAIX CAMP;220;3;7830;14800;1773;223;7950,672646;1141,7;22,675;12,08333333;132;271,9;27,03333333;16,7;869,8;18,31666667;7,466666667;;212,2;41,5;28,93333333;29,8
2010;BAIX CAMP;188;3;6500;12800;1266;191;6628,272251;980,9;20,95833333;10,69166667;132;515,3;26,11666667;15,58333333;465,6;15,8;5,8;;274,2;112,8;29,2;30,45
2009;BAIX CAMP;177;3;7297;14133;1334;180;7411,111111;694,2;22,00833333;11,48333333;132;292,5;26,9;16,06666667;401,7;17,11666667;6,9;;191,4;35,9;29,86666667;30,7
2008;BAIX CAMP;185;3;6455;14000;1236;188;6574,468085;1165,7;21,5;11,18333333;132;622,6;26;15,9;543,1;17;6,466666667;;405,2;102,4;29,1;30,1
2014;BAIX CAMP;205;4;6372;9557;1344,488;209;6432,956938;976,4;22,525;11,63333333;132;473;26,66666667;16,13333333;503,4;18,38333333;7,133333333;;300,4;63,9;29,3;29,7
2015;BAIX CAMP;140;4;6848;10272;1000;144;6944,444444;741;23,04166667;11,4;132;457,2;27,65;16,3;283,8;18,43333333;6,5;;92,6;88,8;30,73333333;31,55
2016;BAIX CAMP;151;4;7000;10000;1097;155;7077,419355;978,1;23,15;11,88333333;132;324,8;27,55;16,05;653,3;18,75;7,716666667;;213;50,4;30,3;31,45
2017;BAIX CAMP;155;4;6504;7479;1038,036;159;6528,528302;575,6;22,61666667;11,41666667;132;257;27,28333333;16,4;318,6;17,95;6,433333333;;104,5;93,6;30,56666667;30,85
2018;BAIX CAMP;159;5;7000;10000;1163;164;7091,463415;1424,9;22,625;11,94166667;132;482,3;27,6;17,1;942,6;17,65;6,783333333;;188,9;183,5;30,96666667;32,1
2019;BAIX CAMP;182;6;5784;7594;1098,252;188;5841,765957;790,1;22,60833333;11,225;132;315,6;26,88333333;15,98333333;474,5;18,33333333;6,466666667;;141,4;87,9;30,06666667;31,4
2020;BAIX CAMP;199;6;5358;7100;1108,842;205;5408,985366;1142,9;22,6;11,475;132;581,6;27,18333333;16,15;561,3;18,01666667;6,8;;424,2;66,3;30,16666667;31,85
2021;BAIX CAMP;215;6;5948;7916;1326,316;221;6001,429864;822,6;22,21666667;11,325;132;466,8;26,75;15,96666667;355,8;17,68333333;6,683333333;;245,8;88,5;30,06666667;30,7
2022;BAIX CAMP;206;6;4987;6637;1067,144;212;5033,698113;787,6;23,39166667;12,21666667;132;505,5;28,2;16,78333333;282,1;18,58333333;7,65;;213,2;95,5;31,6;32,45
2023;BAIX CAMP;208;6;4973;3963;1058,162;214;4944,682243;563;23,33333333;11,7;132;368,1;27,91666667;16,76666667;194,9;18,75;6,633333333;;208,5;44;31;32,05
2024;BAIX CAMP;206;7;4607;1596;960,214;213;4508,046948;1368,3;22,63333333;11,775;132;635;26,71666667;15,8;733,3;18,55;7,75;;251,3;44,8;29,63333333;31,25
2013;BAIX EBRE;24,4;13,4;2857;4276;127;37,8;3359,78836;560,1;;;442;200,6;;;359,5;;;TERRA ALTA;190,8;7,7;;
2012;BAIX EBRE;25;13;3380;5850;162;38;4263,157895;436,6;;;442;168,9;;;267,7;;;TERRA ALTA;102;24,8;;
2011;BAIX EBRE;26;14;3550;6100;176;40;4400;370,9;;;442;109,5;;;261,4;;;TERRA ALTA;95;14,5;;
2010;BAIX EBRE;23;13;3500;6000;160;36;4444,444444;433,6;;;442;202,4;;;231,2;;;TERRA ALTA;128,2;11,4;;
2009;BAIX EBRE;27;14;3692;4120;157;41;3829,268293;338,5;;;442;180,7;;;157,8;;;TERRA ALTA;123,9;15,7;;
2008;BAIX EBRE;29;14;3450;3850;154;43;3581,395349;590,6;;;442;372,2;;;218,4;;;TERRA ALTA;301;25;;
2014;BAIX EBRE;24;13;7053;10579;306,799;37;8291,864865;559,8;;;442;260,3;;;299,5;;;TERRA ALTA;157,8;34;;
2015;BAIX EBRE;25;13;7342;11013;327;38;8605,263158;444,4;;;442;173,7;;;270,7;;;TERRA ALTA;108,4;21,8;;
2016;BAIX EBRE;21;13;7000;10000;277;34;8147,058824;387,3;;;442;128;;;259,3;;;TERRA ALTA;118,8;3,4;;
2017;BAIX EBRE;20;13;4356;5009;152,237;33;4613,242424;363,5;;;442;136,3;;;227,2;;;TERRA ALTA;95,9;30,1;;
2018;BAIX EBRE;21;13;7000;10000;277;34;8147,058824;510,2;;;442;168,5;;;341,7;;;TERRA ALTA;124,8;16,2;;
2019;BAIX EBRE;21;13;6410;8745;248,295;34;7302,794118;337;;;442;158,6;;;178,4;;;TERRA ALTA;96,3;28,6;;
2020;BAIX EBRE;22;13;1400;2000;56,8;35;1622,857143;653,1;;;442;274,5;;;378,6;;;TERRA ALTA;250,5;19,2;;
2021;BAIX EBRE;22;13;8187;9239;300,221;35;8577,742857;455,6;;;442;272,8;;;182,8;;;TERRA ALTA;158,7;10,5;;
2022;BAIX EBRE;22;13;6863;7745;251,671;35;7190,6;435,8;;;442;249,8;;;186;;;TERRA ALTA;122;114,5;;
2023;BAIX EBRE;7;0;2721;0;19,047;7;2721;243,6;;;442;160,6;;;83;;;TERRA ALTA;69;36,2;;
2024;BAIX EBRE;7;0;4000;0;28;7;4000;483,1;;;442;219,2;;;263,9;;;TERRA ALTA;139,8;25,2;;
2013;BAIX EMPORDÀ;246,5;0,6;4140;5200;1024;247,1;4144,071226;653,3;;;64;241,6;;;411,7;;;;162,1;58,6;;
2012;BAIX EMPORDÀ;246;0,5;2850;5200;704;246,5;2855,983773;520;;;64;236,6;;;283,4;;;;114,9;14,2;;
2011;BAIX EMPORDÀ;255;1;3550;6450;907;256;3542,96875;829,5;;;64;215,5;;;614;;;;91,8;94,8;;
2010;BAIX EMPORDÀ;240;0;3200;5900;771;240;3212,5;1017,9;;;64;331,3;;;686,6;;;;135,3;61,6;;
2009;BAIX EMPORDÀ;240;1;6099;8560;1469;241;6095,435685;384,3;;;64;134,9;;;249,4;;;;99,8;3,8;;
2008;BAIX EMPORDÀ;269;6;5400;7500;1498;275;5447,272727;577,6;;;64;197,3;;;380,3;;;;163,1;27,5;;
2014;BAIX EMPORDÀ;239;2;4000;6350;968,7;241;4019,502075;735,9;;;64;438,6;;;297,3;;;;162,1;164,5;;
2015;BAIX EMPORDÀ;243;1;3400;5400;832;244;3409,836066;367,7;;;64;157,1;;;210,6;;;;36,9;61,2;;
2016;BAIX EMPORDÀ;247;1;3324;5462;826,49;248;3332,620968;543,5;;;64;214,6;;;328,9;;;;139,7;5,9;;
2017;BAIX EMPORDÀ;255;1;4353;6337;1116,352;256;4360,75;512,9;;;64;136,2;;;376,7;;;;69,5;11,4;;
2018;BAIX EMPORDÀ;249;2;4500;7500;1135,5;251;4523,904382;804;;;64;318,5;;;485,5;;;;201,3;45,1;;
2019;BAIX EMPORDÀ;248;9;4600;7500;1208,3;257;4701,55642;549,8;;;64;235,5;;;314,3;;;;96,9;35,4;;
2020;BAIX EMPORDÀ;250;10;3365;4950;890,75;260;3425,961538;708,7;;;64;408,9;;;299,8;;;;348,4;53,8;;
2021;BAIX EMPORDÀ;253;11;3955;6000;1067;264;4041,666667;516,5;;;64;208,8;;;307,7;;;;75,4;63,8;;
2022;BAIX EMPORDÀ;251;11;3776;5809;1011,675;262;3861,354962;390,7;;;64;150,4;;;240,3;;;;73,3;8,7;;
2023;BAIX EMPORDÀ;254;11;2122;2400;565,388;265;2133,539623;378,8;;;64;260,1;;;118,7;;;;103;82,9;;
2024;BAIX EMPORDÀ;254;11;2489;4300;679,506;265;2564,173585;545,3;;;64;239,5;;;305,8;;;;143,2;32,8;;
2013;BAIX LLOBREGAT;289,6;1;7230;15500;2109;290,6;7257,398486;1111,7;20,73333333;13,06666667;187;463,7;24,61666667;17,25;648;16,85;8,883333333;;341,8;87,1;27,56666667;29,05
2012;BAIX LLOBREGAT;300;1;5561;15291;1682;301;5588,039867;926,5;21,18333333;12,95;187;491,6;25,7;17,83333333;434,9;16,66666667;8,066666667;;257,6;120,2;28,26666667;29,1
2011;BAIX LLOBREGAT;322;1;8629;15291;2790;323;8637,770898;1317,4;21,39166667;13,925;187;586;25,65;18,58333333;731,4;17,13333333;9,266666667;;375,6;152,8;27,43333333;28,55
2010;BAIX LLOBREGAT;320;1;8493;15050;2729;321;8501,557632;1314,2;19,86666667;12,6;187;679;24,66666667;17,71666667;635,2;15,06666667;7,483333333;;331,1;123,4;27,73333333;29,2
2009;BAIX LLOBREGAT;311;1;8305;14717;2598;312;8326,923077;898,1;20,84166667;13,5;187;373,7;25,4;18,36666667;524,4;16,28333333;8,633333333;;213,3;84,4;28,53333333;29,45
2008;BAIX LLOBREGAT;359;1;7178;12553;2590;360;7194,444444;1078,2;20,48333333;12,83333333;187;579,5;24,71666667;17,31666667;498,7;16,25;8,35;;411,8;90,3;27,56666667;28,65
2014;BAIX LLOBREGAT;290;1;6160;15500;1801,9;291;6192,09622;1281,2;21,275;13,75833333;187;822,7;24,83333333;17,93333333;458,5;17,71666667;9,583333333;;239,5;217,2;27,2;27,75
2015;BAIX LLOBREGAT;280;1;5962;15500;1685;281;5996,441281;582,3;21,4;13,55833333;187;303,4;25,6;18,35;278,9;17,2;8,766666667;;93;136,5;28,76666667;29,5
2016;BAIX LLOBREGAT;269;1;6451;15500;1750,819;270;6484,514815;863,7;21,26666667;13,60833333;187;316,8;25;17,78333333;546,9;17,53333333;9,433333333;;214,6;36,2;27,66666667;28,65
2017;BAIX LLOBREGAT;257;1;4900;12930;1272,23;258;4931,124031;801,8;21,6;13,5;187;303;25,75;18,25;498,8;17,45;8,75;;149,6;56,4;29;29,35
2018;BAIX LLOBREGAT;257;1;5501;14423;1428,18;258;5535,581395;1658,4;21,60833333;13,875;187;659,6;26,1;18,83333333;998,8;17,11666667;8,916666667;;401,4;126,5;29,03333333;30,35
2019;BAIX LLOBREGAT;264;1;6841;17308;1823,332;265;6880,498113;1190;21,48333333;13,425;187;717,4;25,25;17,86666667;472,6;17,71666667;8,983333333;;298;242,3;28,53333333;29,8
2020;BAIX LLOBREGAT;270;1;3227;10500;881,79;271;3253,837638;1738,5;21,46666667;13,625;187;1066,5;25,48333333;18,18333333;672;17,45;9,066666667;;709,1;153,4;27,96666667;29,35
2021;BAIX LLOBREGAT;273;1;4839;17000;1338,047;274;4883,383212;664;20,96666667;13,63333333;187;254,6;25,08333333;18,2;409,4;16,85;9,066666667;;107,3;56,8;28,16666667;28,65
2022;BAIX LLOBREGAT;260;1;4004;14181;1055,221;261;4042,992337;683,3;22,44166667;14,60833333;187;378,8;26,83333333;19,2;304,5;18,05;10,01666667;;147,8;176;30,1;31,05
2023;BAIX LLOBREGAT;257;1;3300;8829;856,929;258;3321,430233;524,9;21,63333333;13,95;187;295,1;25,66666667;18,75;229,8;17,6;9,15;;125,8;89,2;28,6;29,5
2024;BAIX LLOBREGAT;253;1;3098;8000;791,794;254;3117,299213;1592,1;21,45833333;14,01666667;187;704,7;24,93333333;17,88333333;887,4;17,98333333;10,15;;419;85;27,96666667;29,45
2013;BAIX PENEDÈS;3491,8;66,2;11702;17543;42022;3558;11810,56773;1838,4;21,26666667;9,958333333;325;875,8;25,85;13,95;962,6;16,68333333;5,966666667;ALT PENEDÈS;599;159,8;29,16666667;30,55
2012;BAIX PENEDÈS;3542;67;8143;11370;29605;3609;8203,103353;1340,9;21,51666667;10,125;325;726;26,46666667;15,15;614,9;16,56666667;5,1;ALT PENEDÈS;386,4;188,1;29,73333333;30,15
2011;BAIX PENEDÈS;3534;67;10200;15100;37063;3601;10292,41877;2070,6;21,61666667;10,69166667;325;886,8;26,25;15,18333333;1183,8;16,98333333;6,2;ALT PENEDÈS;678,9;140,6;27,76666667;28,85
2010;BAIX PENEDÈS;3587;67;9850;14500;36299;3654;9934,044882;2135,7;20,075;9,525;325;1124,9;25,41666667;14,25;1010,8;14,73333333;4,8;ALT PENEDÈS;614,4;308,4;28,53333333;29,85
2009;BAIX PENEDÈS;3624;77;8426;14980;31689;3701;8562,280465;1641,9;21,80833333;10,50833333;325;703,4;27,25;15,08333333;938,5;16,36666667;5,933333333;ALT PENEDÈS;360,2;215,7;30,53333333;31,25
2008;BAIX PENEDÈS;3715;77;8826;14000;33867;3792;8931,170886;1896,7;20,89166667;9,908333333;325;1036,8;25,65;14,38333333;859,9;16,13333333;5,433333333;ALT PENEDÈS;780,9;157,7;28,73333333;29,75
2014;BAIX PENEDÈS;3497;66;9873;14810;35503,341;3563;9964,451586;1742,6;21,75;10,725;325;929,8;26,21666667;14,95;812,8;17,28333333;6,5;ALT PENEDÈS;329,8;301,5;28,73333333;28,9
2015;BAIX PENEDÈS;3444;39;10795;16192;37809;3483;10855,29716;1026,1;22,275;10,26666667;325;569,6;27,36666667;14,98333333;456,5;17,18333333;5,55;ALT PENEDÈS;181;259,1;30,63333333;31,15
2016;BAIX PENEDÈS;3505;39;9500;12000;33765,5;3544;9527,511287;1475,2;21,94166667;10,4;325;617,3;26,68333333;14,53333333;857,9;17,2;6,266666667;ALT PENEDÈS;341;88,9;29,86666667;30,75
2017;BAIX PENEDÈS;3434;46;8197;9426;28582,094;3480;8213,245402;1087;22,13333333;9,841666667;325;358,7;27,28333333;14,63333333;728,3;16,98333333;5,05;ALT PENEDÈS;197,3;102,1;30,8;31,15
2018;BAIX PENEDÈS;3510;40;9500;11000;33785;3550;9516,901408;2570,5;21,65833333;10,68333333;325;902,2;26,96666667;15,53333333;1668,3;16,35;5,833333333;ALT PENEDÈS;578,8;201,1;30,16666667;31,45
2019;BAIX PENEDÈS;3540;38;9411;10363;33708,734;3578;9421,110676;1365,5;22,14166667;10,13333333;325;688,8;26,63333333;14,7;676,7;17,65;5,566666667;ALT PENEDÈS;363,4;258,5;30,36666667;31,4
2020;BAIX PENEDÈS;3559;38;7742;10520;27953,538;3597;7771,34779;2124,6;22,15833333;10,56666667;325;1279,9;27,13333333;15,23333333;844,7;17,18333333;5,9;ALT PENEDÈS;840,8;129,3;30,2;32,1
2021;BAIX PENEDÈS;3569;36;10344;11393;37327,884;3605;10354,47545;1240,7;21,675;10,49166667;325;607,7;26,51666667;15,03333333;633;16,83333333;5,95;ALT PENEDÈS;251,8;127,7;30;30,5
2022;BAIX PENEDÈS;3552;37;8669;9551;31145,675;3589;8678,092784;947,2;23,58333333;10,98333333;325;575,6;28,8;15,53333333;371,6;18,36666667;6,433333333;ALT PENEDÈS;267,1;237,5;32,6;33,1
2023;BAIX PENEDÈS;3598;37;3835;7364;14070,798;3635;3870,921045;675,2;23,51666667;10,83333333;325;422,4;28,4;15,86666667;252,8;18,63333333;5,8;ALT PENEDÈS;183,5;98,4;31,5;32,45
2024;BAIX PENEDÈS;3568;37;4254;7665;15461,877;3605;4289,008877;2041,1;22,88333333;11,11666667;325;889,7;27,25;15,08333333;1151,4;18,51666667;7,15;ALT PENEDÈS;499,5;140,3;30,6;32,3
2013;BARCELONÈS;4;0,2;10513;15500;45;4,2;10714,28571;1111,7;20,73333333;13,06666667;187;463,7;24,61666667;17,25;648;16,85;8,883333333;BAIX LLOBREGAT;341,8;87,1;27,56666667;29,05
2012;BARCELONÈS;4;0,1;8087;15246;33;4,1;8048,780488;926,5;21,18333333;12,95;187;491,6;25,7;17,83333333;434,9;16,66666667;8,066666667;BAIX LLOBREGAT;257,6;120,2;28,26666667;29,1
2011;BARCELONÈS;4;0;8087;15246;36;4;9000;1317,4;21,39166667;13,925;187;586;25,65;18,58333333;731,4;17,13333333;9,266666667;BAIX LLOBREGAT;375,6;152,8;27,43333333;28,55
2010;BARCELONÈS;4;0;9295;;33;4;8250;1314,2;19,86666667;12,6;187;679;24,66666667;17,71666667;635,2;15,06666667;7,483333333;BAIX LLOBREGAT;331,1;123,4;27,73333333;29,2
2009;BARCELONÈS;4;;9090;;36;4;9000;898,1;20,84166667;13,5;187;373,7;25,4;18,36666667;524,4;16,28333333;8,633333333;BAIX LLOBREGAT;213,3;84,4;28,53333333;29,45
2008;BARCELONÈS;4;0;7178;;29;4;7250;1078,2;20,48333333;12,83333333;187;579,5;24,71666667;17,31666667;498,7;16,25;8,35;BAIX LLOBREGAT;411,8;90,3;27,56666667;28,65
2014;BARCELONÈS;4;0;8800;15500;35,2;4;8800;1281,2;21,275;13,75833333;187;822,7;24,83333333;17,93333333;458,5;17,71666667;9,583333333;BAIX LLOBREGAT;239,5;217,2;27,2;27,75
2015;BARCELONÈS;3;0;8157;0;24;3;8000;582,3;21,4;13,55833333;187;303,4;25,6;18,35;278,9;17,2;8,766666667;BAIX LLOBREGAT;93;136,5;28,76666667;29,5
2016;BARCELONÈS;3;0;9157;0;27,471;3;9157;863,7;21,26666667;13,60833333;187;316,8;25;17,78333333;546,9;17,53333333;9,433333333;BAIX LLOBREGAT;214,6;36,2;27,66666667;28,65
2017;BARCELONÈS;3;0;7570;0;22,71;3;7570;801,8;21,6;13,5;187;303;25,75;18,25;498,8;17,45;8,75;BAIX LLOBREGAT;149,6;56,4;29;29,35
2018;BARCELONÈS;4;0;7570;0;30,28;4;7570;1658,4;21,60833333;13,875;187;659,6;26,1;18,83333333;998,8;17,11666667;8,916666667;BAIX LLOBREGAT;401,4;126,5;29,03333333;30,35
2019;BARCELONÈS;3;0;3551;0;10,653;3;3551;1190;21,48333333;13,425;187;717,4;25,25;17,86666667;472,6;17,71666667;8,983333333;BAIX LLOBREGAT;298;242,3;28,53333333;29,8
2020;BARCELONÈS;3;0;2432;0;7,296;3;2432;1738,5;21,46666667;13,625;187;1066,5;25,48333333;18,18333333;672;17,45;9,066666667;BAIX LLOBREGAT;709,1;153,4;27,96666667;29,35
2021;BARCELONÈS;3;0;3383;0;10,149;3;3383;664;20,96666667;13,63333333;187;254,6;25,08333333;18,2;409,4;16,85;9,066666667;BAIX LLOBREGAT;107,3;56,8;28,16666667;28,65
2022;BARCELONÈS;3;0;1699;0;5,097;3;1699;683,3;22,44166667;14,60833333;187;378,8;26,83333333;19,2;304,5;18,05;10,01666667;BAIX LLOBREGAT;147,8;176;30,1;31,05
2023;BARCELONÈS;3;0;1460;0;4,38;3;1460;524,9;21,63333333;13,95;187;295,1;25,66666667;18,75;229,8;17,6;9,15;BAIX LLOBREGAT;125,8;89,2;28,6;29,5
2024;BARCELONÈS;3;0;3090;0;9,27;3;3090;1592,1;21,45833333;14,01666667;187;704,7;24,93333333;17,88333333;887,4;17,98333333;10,15;BAIX LLOBREGAT;419;85;27,96666667;29,45
2013;BERGUEDÀ;6,2;0,1;6800;11500;43;6,3;6825,396825;1390,3;;;704;947,9;;;442,4;;;;482,9;398,1;;
2012;BERGUEDÀ;6;0,3;5265;11340;37;6,3;5873,015873;1335,1;;;704;895,4;;;439,7;;;;537,9;150;;
2011;BERGUEDÀ;7;0;5265;11340;40;7;5714,285714;1537,7;;;704;862;;;675,7;;;;568,8;238;;
2010;BERGUEDÀ;6;0;6052;;35;6;5833,333333;1901,7;;;704;1220,4;;;681,3;;;;641;343,8;;
2009;BERGUEDÀ;6;;5918;;36;6;6000;1268,7;;;704;698,3;;;570,4;;;;332,9;216,5;;
2008;BERGUEDÀ;7;0;5313;;37;7;5285,714286;2112,1;;;704;1460,8;;;651,3;;;;1049,3;270,5;;
2014;BERGUEDÀ;5;0;5280;11500;26,4;5;5280;1695,6;;;704;1170,2;;;525,4;;;;466,7;512,4;;
2015;BERGUEDÀ;5;0;5280;0;26;5;5200;1304,6;;;704;1036;;;268,6;;;;461,8;334,1;;
2016;BERGUEDÀ;5;0;5787;0;28,935;5;5787;1464,4;;;704;940,8;;;523,6;;;;521,4;254,4;;
2017;BERGUEDÀ;5;0;5620;0;28,1;5;5620;938,8;;;704;420;;;518,8;;;;194,5;63;;
2018;BERGUEDÀ;5;0;2800;0;14;5;2800;2362,8;;;704;1162,6;;;1200,2;;;;579,2;453,1;;
2019;BERGUEDÀ;5;0;3400;0;17;5;3400;1091,3;;;704;599,6;;;491,7;;;;311,8;157,6;;
2020;BERGUEDÀ;7;0;0;0;0;7;0;1894,4;;;704;1400,2;;;494,2;;;;667,3;617,4;;
2021;BERGUEDÀ;9;0;0;0;0;9;0;1442,8;;;704;1104,2;;;338,6;;;;581,9;141,2;;
2022;BERGUEDÀ;8;0;53;0;0,424;8;53;1227,2;;;704;867,7;;;359,5;;;;325,7;312,9;;
2023;BERGUEDÀ;9;0;1000;0;9;9;1000;1025;;;704;819,7;;;205,3;;;;540,8;157,2;;
2024;BERGUEDÀ;10;0;1875;0;18,75;10;1875;1674,8;;;704;991,2;;;683,6;;;;468,4;352,6;;
2013;CERDANYA;0,9;0;2850;;3;0,9;3333,333333;725,2;;;1214;495,2;;;230;;;;232,9;217,9;;
2012;CERDANYA;0;0;;;;0;;445,8;;;1214;270,7;;;175,1;;;;166,7;56,8;;
2011;CERDANYA;0;0;;;0;0;;463,7;;;1214;289,4;;;174,3;;;;166,2;67,6;;
2010;CERDANYA;0;0;;;;0;;585,7;;;1214;418;;;167,7;;;;239,9;141,5;;
2015;CERDANYA;1;0;0;0;0;1;0;549;;;1214;409,2;;;139,8;;;;179,4;176,1;;
2017;CERDANYA;3;0;4353;0;13,059;3;4353;582,9;;;1214;347,1;;;235,8;;;;203,7;78,6;;
2018;CERDANYA;7;0;3500;0;24,5;7;3500;777,9;;;1214;425,2;;;352,7;;;;239,4;140,9;;
2019;CERDANYA;8;0;4000;0;32;8;4000;639,8;;;1214;357,7;;;282,1;;;;210,9;126,9;;
2020;CERDANYA;8;0;4000;0;32;8;4000;631,9;;;1214;370,6;;;261,3;;;;200,4;107,2;;
2021;CERDANYA;8;0;3601;0;29;8;3625;613,5;;;1214;421,5;;;192;;;;306,3;77,2;;
2022;CERDANYA;7;0;3582;0;25,074;7;3582;455,8;;;1214;309,1;;;146,7;;;;148;110,9;;
2023;CERDANYA;10;0;2314;0;23,14;10;2314;306,2;;;1214;197,9;;;108,3;;;;128,3;46,1;;
2024;CERDANYA;10;0;2489;0;24,89;10;2489;604,2;;;1214;358,2;;;246;;;;207,3;92,2;;
2013;CONCA DE BARBERÀ;3810,5;26,2;9039;13548;34798;3836,7;9069,773503;1811,7;;;560;892,9;;;918,8;;;;612,9;223,2;;
2012;CONCA DE BARBERÀ;3849;26;4967;9020;19347;3875;4992,774194;1114,4;;;560;482,6;;;631,8;;;;328,4;50,3;;
2011;CONCA DE BARBERÀ;3810;27;8220;13800;31689;3837;8258,795934;1279,3;;;560;391,3;;;888;;;;368;12,9;;
2010;CONCA DE BARBERÀ;3850;28;8100;12900;31538;3878;8132,542548;1844,3;;;560;1080,5;;;763,8;;;;631,6;197,8;;
2009;CONCA DE BARBERÀ;4267;27;8346;12840;35959;4294;8374,24313;1474,7;;;560;768,2;;;706,5;;;;385,2;159;;
2008;CONCA DE BARBERÀ;4399;27;5900;13750;26325;4426;5947,808405;1862,1;;;560;1205,2;;;656,9;;;;946,7;118,3;;
2014;CONCA DE BARBERÀ;3801;26;8332;12498;31994,88;3827;8360,303109;1805,6;;;560;897,2;;;908,4;;;;420,5;156,7;;
2015;CONCA DE BARBERÀ;3752;25;6885;10327;26091;3777;6907,863384;1005,1;;;560;528,4;;;476,7;;;;197;146,4;;
2016;CONCA DE BARBERÀ;3846;25;6300;10500;24492,3;3871;6327,124774;1336,1;;;560;604,4;;;731,7;;;;391,4;147,8;;
2017;CONCA DE BARBERÀ;3907;25;7139;8210;28097,323;3932;7145,809512;1114,7;;;560;333,7;;;781;;;;181,6;93,4;;
2018;CONCA DE BARBERÀ;3944;25;6300;10500;25109,7;3969;6326,455026;2153,3;;;560;721,6;;;1431,7;;;;622,9;42,4;;
2019;CONCA DE BARBERÀ;4025;29;6803;7489;27599,256;4054;6807,907252;1221,9;;;560;617,1;;;604,8;;;;350;201;;
2020;CONCA DE BARBERÀ;4082;28;6663;8800;27444,766;4110;6677,558637;1618,2;;;560;822,7;;;795,5;;;;654,1;89,1;;
2021;CONCA DE BARBERÀ;4010;28;10578;13007;42781,976;4038;10594,84299;1304,9;;;560;704,4;;;600,5;;;;514,5;76,2;;
2022;CONCA DE BARBERÀ;4036;28;8880;10904;36144,992;4064;8893,944882;1057,7;;;560;698,5;;;359,2;;;;326,9;298,2;;
2023;CONCA DE BARBERÀ;4012;28;4996;4511;20170,26;4040;4992,638614;972,1;;;560;710,2;;;261,9;;;;352,6;160,4;;
2024;CONCA DE BARBERÀ;3973;28;4540;5252;18184,476;4001;4544,982754;1863,5;;;560;879,7;;;983,8;;;;397,6;100,5;;
2013;GARRAF;875,2;0,7;9343;15000;8187;875,9;9346,957415;586,9;;;17;260,2;;;326,7;;;;144,5;77,1;;
2012;GARRAF;880;1;7187;15064;6343;881;7199,772985;491,7;;;17;250,9;;;240,8;;;;94,6;76,3;;
2011;GARRAF;891;1;8015;15064;7159;892;8025,784753;641,7;;;17;190,2;;;451,5;;;;126,8;40,1;;
2010;GARRAF;876;1;8703;16356;7645;877;8717,217788;532,3;;;17;226,4;;;305,9;;;;148,4;41,3;;
2009;GARRAF;911;1;8511;15995;7770;912;8519,736842;429,4;;;17;164,6;;;264,8;;;;120,9;5,8;;
2008;GARRAF;939;1;8576;12224;8065;940;8579,787234;519,7;;;17;286,1;;;233,6;;;;191;56,2;;
2014;GARRAF;856;1;7920;17000;6796,52;857;7930,595099;580;;;17;345,2;;;234,8;;;;89,2;144;;
2015;GARRAF;851;1;8157;17000;6959;852;8167,840376;428,5;;;17;221,6;;;206,9;;;;60,7;91,5;;
2016;GARRAF;867;0;8473;0;7346,091;867;8473;467;;;17;149;;;318;;;;73,7;32;;
2017;GARRAF;890;0;6790;0;6043,1;890;6790;359,8;;;17;96,8;;;263;;;;65,6;17,9;;
2018;GARRAF;875;0;8500;0;7437,5;875;8500;859,6;;;17;322,5;;;537,1;;;;98,3;116,9;;
2019;GARRAF;867;0;8493;0;7363,431;867;8493;414,9;;;17;203,9;;;211;;;;85,1;68,4;;
2020;GARRAF;869;0;6778;0;5890,082;869;6778;720,2;;;17;374;;;346,2;;;;218,6;80,4;;
2021;GARRAF;854;0;7940;0;6780,76;854;7940;415,9;;;17;175,2;;;240,7;;;;95,5;17,6;;
2022;GARRAF;875;0;5323;0;4657,625;875;5323;280;;;17;166,7;;;113,3;;;;69;71,6;;
2023;GARRAF;876;0;3104;0;2719,104;876;3104;286;;;17;131,8;;;154,2;;;;44,5;24,4;;
2024;GARRAF;864;0;3010;0;2600,64;864;3010;619,4;;;17;269,2;;;350,2;;;;180;14;;
2013;GARRIGUES;616,8;24,9;4500;9000;3000;641,7;4675,081814;1032,5;;;505;466;;;566,5;;;;343,3;78;;
2012;GARRIGUES;650;28;5530;9420;3851;678;5679,941003;685,6;;;505;263,6;;;422;;;;144,8;56,4;;
2011;GARRIGUES;655;33;7450;12600;5293;688;7693,313953;680,4;;;505;262,9;;;417,5;;;;207,2;49,7;;
2010;GARRIGUES;674;33;7400;12500;5405;707;7644,978784;855,2;;;505;399,9;;;455,3;;;;294,8;47,3;;
2009;GARRIGUES;649;30;3959;9630;2858;679;4209,131075;810,2;;;505;453,8;;;356,4;;;;327;60,8;;
2008;GARRIGUES;670;31;3900;9600;2911;701;4152,639087;1032;;;505;641,3;;;390,7;;;;483;59,5;;
2014;GARRIGUES;590;37;5920;10260;3872,42;627;6176,108453;1138,7;;;505;632,1;;;506,6;;;;330,3;123,5;;
2015;GARRIGUES;586;49;5710;10490;3860;635;6078,740157;545,7;;;505;279,9;;;265,8;;;;159;91,3;;
2016;GARRIGUES;547;59;6310;10540;4073,43;606;6721,831683;764,3;;;505;277,2;;;487,1;;;;231,3;15,4;;
2017;GARRIGUES;535;57;4970;8310;3132,62;592;5291,587838;645,8;;;505;269,7;;;376,1;;;;146;63,3;;
2018;GARRIGUES;469;115;5740;10200;3865,06;584;6618,253425;1084,1;;;505;359,2;;;724,9;;;;267,7;82,8;;
2019;GARRIGUES;419;165;4650;10300;3647,85;584;6246,318493;792;;;505;263,2;;;528,8;;;;152,8;92,3;;
2020;GARRIGUES;537;60;3450;7660;2312,25;597;3873,115578;1038,2;;;505;512;;;526,2;;;;456,6;22,6;;
2021;GARRIGUES;385;207;5500;9750;4135,75;592;6986,064189;770,4;;;505;411;;;359,4;;;;286,9;64,2;;
2022;GARRIGUES;539;62;4950;10330;3308,51;601;5505,008319;576;;;505;320,2;;;255,8;;;;159,1;123,3;;
2023;GARRIGUES;532;69;5498;9503;3580,643;601;5957,808652;569,1;;;505;407,8;;;161,3;;;;270;73,2;;
2024;GARRIGUES;519;79;1700;10100;1680,2;598;2809,698997;1003,2;;;505;374,4;;;628,8;;;;177,3;47,4;;
2013;GARROTXA;14,3;0;3850;;55;14,3;3846,153846;1070,8;;;296;561,4;;;509,4;;;;310,4;198,3;;
2012;GARROTXA;14;0;4050;;58;14;4142,857143;570,6;;;296;303,1;;;267,5;;;;140,1;77,9;;
2011;GARROTXA;10;0;5075;;50;10;5000;1166,2;;;296;520,2;;;646;;;;264,7;156,1;;
2010;GARROTXA;15;0;4250;;62;15;4133,333333;955,2;;;296;516,6;;;438,6;;;;296,5;135,4;;
2009;GARROTXA;15;;6099;;91;15;6066,666667;755,2;;;296;482;;;273,2;;;;317,4;102,9;;
2008;GARROTXA;15;0;5880;6880;88;15;5866,666667;1075,3;;;296;619,5;;;455,8;;;;388;153,3;;
2014;GARROTXA;15;0;3650;0;54,75;15;3650;1153,6;;;296;729,2;;;424,4;;;;332,1;253,7;;
2015;GARROTXA;5;0;3200;0;16;5;3200;907;;;296;609,3;;;297,7;;;;350,4;166,1;;
2016;GARROTXA;4;0;3324;5462;13,296;4;3324;871,4;;;296;472,6;;;398,8;;;;336,8;72,1;;
2017;GARROTXA;4;0;4353;6337;17,412;4;4353;646,9;;;296;361,6;;;285,3;;;;144,9;114,1;;
2018;GARROTXA;6;0;4353;0;26,118;6;4353;1439,2;;;296;806,9;;;632,3;;;;501,8;206,5;;
2019;GARROTXA;6;0;4500;0;27;6;4500;587,2;;;296;306,9;;;280,3;;;;170,9;80,3;;
2020;GARROTXA;6;0;3375;0;20,25;6;3375;1324;;;296;665,6;;;658,4;;;;366,5;176,8;;
2021;GARROTXA;4;0;3675;0;15;4;3750;760,5;;;296;506,1;;;254,4;;;;270,3;107,3;;
2022;GARROTXA;6;0;3970;0;23,82;6;3970;673,8;;;296;417,2;;;256,6;;;;137,3;125,6;;
2023;GARROTXA;3;0;2314;0;6,942;3;2314;557,8;;;296;430,4;;;127,4;;;;277,6;113,2;;
2024;GARROTXA;3;0;2489;0;7,467;3;2489;873,3;;;296;508,5;;;364,8;;;;349,9;80,1;;
2013;GIRONÈS;42,5;0;4050;;172;42,5;4047,058824;696,4;21,39166667;7,366666667;72;331,6;26,13333333;11,8;364,8;16,65;2,933333333;;209,6;97,5;29,9;31,65
2012;GIRONÈS;35;0;2850;;100;35;2857,142857;552,3;21,95;7,208333333;72;235,8;27,06666667;12,41666667;316,5;16,83333333;2;;126,3;41;30,8;31,55
2011;GIRONÈS;35;0;3550;;123;35;3514,285714;892;22,16666667;8,158333333;72;343,8;27,06666667;12,76666667;548,2;17,26666667;3,55;;144,8;160,3;28,5;29,4
2010;GIRONÈS;22;0;3200;;70;22;3181,818182;775,9;20,65;7,291666667;72;339,6;26,33333333;12,01666667;436,3;14,96666667;2,566666667;;185;74,2;29,93333333;31,3
2009;GIRONÈS;25;;6099;;152;25;6080;558,8;22,26666667;7,516666667;72;298,3;27,75;12,4;260,5;16,78333333;2,633333333;;170,4;55,3;31,6;32,35
2008;GIRONÈS;41;0;4800;6970;197;41;4804,878049;756,8;21,34166667;7,183333333;72;325,1;26,38333333;11,68333333;431,7;16,3;2,683333333;;227,3;53,7;29,73333333;30,9
2014;GIRONÈS;41;0;3800;0;155,8;41;3800;976,4;22,25833333;8,341666667;72;633,5;26,58333333;12,7;342,9;17,93333333;3,983333333;;190,7;277,5;28,93333333;28,85
2015;GIRONÈS;42;0;3800;0;160;42;3809,52381;541,6;22,93333333;7,666666667;72;355,5;28,25;12,73333333;186,1;17,61666667;2,6;;65,1;164,2;31,8;32,05
2016;GIRONÈS;39;0;3324;5462;129,636;39;3324;701,2;22,55;7,791666667;72;400,4;27,43333333;12,15;300,8;17,66666667;3,433333333;;254;99,4;30,86666667;32,4
2017;GIRONÈS;37;0;4353;6337;161,061;37;4353;482;23,04166667;7,25;72;221,3;28,5;12,33333333;260,7;17,58333333;2,166666667;;110,8;49,4;32,23333333;32,05
2018;GIRONÈS;38;0;4353;0;165,414;38;4353;1018,8;22,46666667;7,958333333;72;499,9;28,13333333;12,8;518,9;16,8;3,116666667;;267,5;195;31,53333333;32,85
2019;GIRONÈS;38;0;4500;0;171;38;4500;540;23;7,116666667;72;250;27,78333333;12,01666667;290;18,21666667;2,216666667;;137,8;40,7;32,2;33,05
2020;GIRONÈS;37;0;3375;0;124,875;37;3375;984,3;22,60833333;8,258333333;72;495,6;27,65;12,98333333;488,7;17,56666667;3,533333333;;383,7;83,3;30,43333333;32,25
2021;GIRONÈS;37;0;3680;0;136;37;3675,675676;502,2;22,25833333;7,65;72;293,7;27,45;12,31666667;208,5;17,06666667;2,983333333;;151,2;39,2;31,56666667;31,85
2022;GIRONÈS;42;0;3970;0;166,74;42;3970;538,6;24,01666667;8,433333333;72;259,7;29,73333333;13,3;278,9;18,3;3,566666667;;104;79,6;34,2;34,8
2023;GIRONÈS;41;0;3013;0;123,533;41;3013;441,9;23,95;7,933333333;72;324,2;28,91666667;13,31666667;117,7;18,98333333;2,55;;223,5;42;32;33,15
2024;GIRONÈS;39;0;2489;0;97,071;39;2489;752;23,175;8,608333333;72;399,1;27,58333333;12,51666667;352,9;18,76666667;4,7;;289,4;75,7;31,3;33,25
2013;LA SELVA;32,2;1,2;4050;5700;137;33,4;4101,796407;668,6;;;169;317,6;;;351;;;;;;;
2012;LA SELVA;30;1;2850;5200;89;31;2870,967742;508,1;;;169;266,3;;;241,8;;;;;;;
2011;LA SELVA;31;1;3550;6450;117;32;3656,25;903,3;;;169;277,7;;;625,6;;;;;;;
2010;LA SELVA;10;1;3200;5900;37;11;3363,636364;849;;;169;402,1;;;446,9;;;;;;;
2009;LA SELVA;7;4;4815;7276;61;11;5545,454545;524,6;;;169;210,1;;;314,5;;;;;;;
2008;LA SELVA;6;3;5280;7380;54;9;6000;765,1;;;169;331,7;;;433,4;;;;;;;
2014;LA SELVA;29;1;3800;5500;115,7;30;3856,666667;900,3;;;169;521,2;;;379,1;;;;;;;
2015;LA SELVA;28;1;3700;5600;109;29;3758,62069;723;;;169;478,3;;;244,7;;;;;;;
2016;LA SELVA;25;2;3325;5462;94,049;27;3483,296296;604,6;;;169;300,7;;;303,9;;;;;;;
2017;LA SELVA;25;2;4353;6337;121,499;27;4499,962963;495,7;;;169;186,4;;;309,3;;;;;;;
2018;LA SELVA;26;3;4353;6337;132,189;29;4558,241379;1292,4;;;169;617,2;;;675,2;;;;;;;
2019;LA SELVA;29;3;4500;6350;149,55;32;4673,4375;609,3;;;169;311,3;;;298;;;;;;;
2020;LA SELVA;30;3;3375;4950;116,1;33;3518,181818;1036,3;;;169;472;;;564,3;;;;;;;
2021;LA SELVA;30;3;3998;5760;137;33;4151,515152;434,4;;;169;205,7;;;228,7;;;;;;;
2022;LA SELVA;32;3;3914;5740;142,468;35;4070,514286;513,9;;;169;267;;;246,9;;;;;;;
2023;LA SELVA;33;3;1941;1942;69,879;36;1941,083333;404,3;;;169;284,9;;;119,4;;;;;;;
2024;LA SELVA;31;3;2489;4300;90,059;34;2648,794118;810,5;;;169;476,9;;;333,6;;;;;;;
2013;MARESME;178,1;47,4;5000;15500;1625;225,5;7206,208426;455,5;;;2;172,1;;;283,4;;;;113,2;14,5;;
2012;MARESME;183;48;3918;15437;1456;231;6303,030303;383,1;;;2;174,7;;;208,4;;;;104,1;18,2;;
2011;MARESME;188;49;8213;15437;2296;237;9687,763713;916,1;;;2;237,4;;;678,7;;;;101,2;118,9;;
2010;MARESME;156;47;7494;14085;1824;203;8985,221675;868,5;;;2;422,4;;;446,1;;;;193,5;36,7;;
2009;MARESME;161;46;7328;13774;1813;207;8758,454106;471,8;;;2;128,7;;;343,1;;;;79,7;9;;
2008;MARESME;183;51;6182;11619;1724;234;7367,521368;737,1;;;2;349,5;;;387,6;;;;219,3;28,4;;
2014;MARESME;177;46;4400;15500;1491,8;223;6689,686099;677,9;;;2;411,4;;;266,5;;;;142,4;120,8;;
2015;MARESME;162;42;5500;16500;1584;204;7764,705882;383,4;;;2;188,9;;;194,5;;;;28,2;126,8;;
2016;MARESME;159;42;4967;15833;1454,739;201;7237,507463;459,5;;;2;196,4;;;263,1;;;;161,2;10;;
2017;MARESME;158;42;4920;15000;1407,36;200;7036,8;412,9;;;2;148,4;;;264,5;;;;33,4;48,8;;
2018;MARESME;151;43;2600;5700;637,7;194;3287,113402;727;;;2;221,9;;;505,1;;;;164,7;36,7;;
2019;MARESME;155;43;2747;5718;671,659;198;3392,217172;536,9;;;2;273,1;;;263,8;;;;133,1;48;;
2020;MARESME;156;43;2000;2555;421,865;199;2119,924623;867,5;;;2;466,9;;;400,6;;;;329,9;97,6;;
2021;MARESME;150;42;2320;3000;474;192;2468,75;580,8;;;2;358,8;;;222;;;;107,2;41,5;;
2022;MARESME;150;42;2376;3500;503,4;192;2621,875;420,3;;;2;207,7;;;212,6;;;;102,4;19;;
2023;MARESME;146;42;2200;4537;511,754;188;2722,095745;345,6;;;2;255,3;;;90,3;;;;126;96,4;;
2024;MARESME;156;41;2165;3100;464,84;197;2359,593909;750,5;;;2;421,9;;;328,6;;;;208,8;62,1;;
2016;MOIANÈS;10;0;2673;0;27;10;2700;622,3;18,375;8,516666667;735;357,7;23,5;12,43333333;264,6;13,25;4,6;;189,3;65;27,2;28,7
2017;MOIANÈS;11;0;2600;0;29;11;2636,363636;558;18,68333333;8,566666667;735;260,6;24,16666667;13,06666667;297,4;13,2;4,066666667;;146,2;55,4;28,16666667;28,65
2018;MOIANÈS;11;0;2800;0;31;11;2818,181818;991,4;17,84166667;8,583333333;735;432,2;23,48333333;13,23333333;559,2;12,2;3,933333333;;313,4;89;26,6;28,1
2019;MOIANÈS;11;0;1367;0;15,037;11;1367;529,2;18,78333333;8,483333333;735;294,4;23,75;12,71666667;234,8;13,81666667;4,25;;161,4;65,2;28,23333333;29,2
2020;MOIANÈS;12;0;860;0;10,32;12;860;865,8;18,26666667;8,925;735;504,7;23,25;13,23333333;361,1;13,28333333;4,616666667;;352,3;102,4;26,1;28,15
2021;MOIANÈS;11;0;1790;0;19,69;11;1790;435;18,06666667;8,583333333;735;262,2;23,33333333;12,76666667;172,8;12,8;4,4;;147;26,6;27,36666667;28,35
2022;MOIANÈS;11;0;1186;0;13,046;11;1186;340,8;20,08333333;10,125;735;192,8;25,65;14,46666667;148;14,51666667;5,783333333;;120,2;56,4;29,86666667;30,45
2023;MOIANÈS;11;0;1000;0;11;11;1000;490,2;19,78333333;9,483333333;735;387;24,98333333;13,81666667;103,2;14,58333333;5,15;;283,2;65,6;27,93333333;29,4
2024;MOIANÈS;13;0;1137;0;14,781;13;1137;726,2;19,05833333;9,525;735;353,2;23,65;13,06666667;373;14,46666667;5,983333333;;198,4;109,4;27,5;29,45
2013;MONTSIÀ;8,8;1,9;2771;4147;32;10,7;2990,654206;1251,9;;;240;594;;;657,9;;;;448,1;67,4;;
2012;MONTSIÀ;8;2;4300;7950;45;10;4500;1005,9;;;240;290,9;;;715;;;;128,8;59;;
2011;MONTSIÀ;8;2;4600;8650;52;10;5200;1327,6;;;240;281,8;;;1045,8;;;;239,8;36,5;;
2010;MONTSIÀ;4;2;4500;8300;31;6;5166,666667;1097,6;;;240;546,6;;;551;;;;196,7;167,3;;
2009;MONTSIÀ;4;2;3692;4120;23;6;3833,333333;769,9;;;240;501,4;;;268,5;;;;149,3;46,8;;
2008;MONTSIÀ;6;2;3450;3850;28;8;3500;1231,6;;;240;666,3;;;565,3;;;;502,8;87,5;;
2014;MONTSIÀ;8;2;7053;10579;77,582;10;7758,2;1120,7;;;240;555,6;;;565,1;;;;242;167,7;;
2015;MONTSIÀ;4;2;7342;11013;51;6;8500;1074,7;;;240;429,2;;;645,5;;;;176,8;122,9;;
2016;MONTSIÀ;3;2;7000;10000;41;5;8200;856;;;240;342,3;;;513,7;;;;252,6;6,6;;
2017;MONTSIÀ;3;2;4356;5009;23,086;5;4617,2;625,1;;;240;230,6;;;394,5;;;;94,5;53,7;;
2018;MONTSIÀ;3;2;7000;10000;41;5;8200;1469,9;;;240;483,7;;;986,2;;;;240,5;94,1;;
2019;MONTSIÀ;3;2;6410;8745;36,72;5;7344;711,9;;;240;268,3;;;443,6;;;;90,6;82;;
2020;MONTSIÀ;4;2;0;0;0;6;0;1795,7;;;240;728,6;;;1067,1;;;;621,8;29,7;;
2021;MONTSIÀ;5;2;8182;9239;59,388;7;8484;1230,5;;;240;749,2;;;481,3;;;;276,9;191,7;;
2022;MONTSIÀ;5;2;6863;7745;49,805;7;7115;1037;;;240;574,1;;;462,9;;;;380;79,3;;
2023;MONTSIÀ;5;2;1748;250;9,24;7;1320;1022,8;;;240;817,8;;;205;;;;216,2;103,7;;
2024;MONTSIÀ;5;2;4000;55000;130;7;18571,42857;1605,1;;;240;594,9;;;1010,2;;;;248,8;20,1;;
2013;NOGUERA;216,3;166,2;8000;17000;4556;382,5;11911,11111;419,2;20,76666667;8,808333333;192;202,3;26,91666667;13,46666667;216,9;14,61666667;4,15;SEGRIÀ;131,7;65,3;30,76666667;32,3
2012;NOGUERA;173;219;5100;8030;2637;392;6727,040816;319,5;21,94166667;9,091666667;192;171,4;28,61666667;14,93333333;148,1;15,26666667;3,25;SEGRIÀ;83,4;38;32,63333333;33,1
2011;NOGUERA;216;187;6750;10600;3438;403;8531,01737;291,6;22,29166667;10,01666667;192;103,6;29,1;15,11666667;188;15,48333333;4,916666667;SEGRIÀ;86,6;9,2;31;32
2010;NOGUERA;227;191;6600;10500;3502;418;8377,990431;375,7;20,86666667;8,775;192;184,3;27,71666667;14,06666667;191,4;14,01666667;3,483333333;SEGRIÀ;154;7,3;31,53333333;33,1
2009;NOGUERA;233;151;4066;9630;2402;384;6255,208333;398,1;22,10833333;9,808333333;192;240,1;28,86666667;15,13333333;158;15,35;4,483333333;SEGRIÀ;136,7;51,3;32,83333333;33,4
2008;NOGUERA;235;148;3900;9600;2337;383;6101,827676;427,1;20,93333333;9,283333333;192;288,4;27,33333333;14,33333333;138,7;14,53333333;4,233333333;SEGRIÀ;213,5;30,3;30,86666667;32,1
2014;NOGUERA;174;195;5960;9760;2940,24;369;7968,130081;426,7;22,38333333;10,2;192;224,6;28,71666667;14,98333333;202,1;16,05;5,416666667;SEGRIÀ;69,6;44,8;31,5;31,65
2015;NOGUERA;184;166;5500;10010;2674;350;7640;261,7;21,94166667;9,725;192;93,8;29,36666667;14,9;167,9;14,51666667;4,55;SEGRIÀ;32,7;47,1;33,2;33,85
2016;NOGUERA;147;180;5210;10250;2610,87;327;7984,311927;312,4;21,825;9,841666667;192;118;28,83333333;14,41666667;194,4;14,81666667;5,266666667;SEGRIÀ;107,2;0,4;32,7;33,9
2017;NOGUERA;144;183;4110;8080;2070,48;327;6331,743119;242;22,34166667;9,233333333;192;100,1;29,38333333;14,71666667;141,9;15,3;3,75;SEGRIÀ;63,8;20,8;33,16666667;33,45
2018;NOGUERA;132;191;4740;9320;2405,8;323;7448,297214;564,1;21,89166667;10,19166667;192;232,2;28,91666667;15,56666667;331,9;14,86666667;4,816666667;SEGRIÀ;151,8;60,9;32,6;34
2019;NOGUERA;113;205;5050;10220;2665,75;318;8382,861635;288,9;22,60833333;9,325;192;122,6;29,1;14,38333333;166,3;16,11666667;4,266666667;SEGRIÀ;69,8;47;33,4;34,3
2020;NOGUERA;105;215;3750;7600;2027,75;320;6336,71875;496,9;22,1;10,08333333;192;257,9;28,98333333;15,15;239;15,21666667;5,016666667;SEGRIÀ;232,9;20,2;32,43333333;34,15
2021;NOGUERA;101;216;4200;8400;2238,6;317;7061,829653;284,9;22,01666667;9,533333333;192;130,2;28,61666667;14,7;154,7;15,41666667;4,366666667;SEGRIÀ;81,2;25,4;32,5;33,35
2022;NOGUERA;154;171;3906;7812;1937,376;325;5961,156923;284,3;23,7;10,8;192;162,4;30,76666667;16,11666667;121,9;16,63333333;5,483333333;SEGRIÀ;61,3;66,7;35,33333333;35,7
2023;NOGUERA;147;173;3803;7120;1790,801;320;5596,253125;179;23,60833333;10,23333333;192;106;30,5;15,71666667;73;16,71666667;4,75;SEGRIÀ;55,2;17,9;33,73333333;35
2024;NOGUERA;145;172;1100;5591;1121,152;317;3536,757098;464,7;22,50833333;10,525;192;209,1;29,45;14,93333333;255,6;15,56666667;6,116666667;SEGRIÀ;95,7;39,8;33,8;35,25
2013;OSONA;3,1;0;6800;;21;3,1;6774,193548;1473,9;19,11666667;6,716666667;508;1030,9;24,46666667;11;443;13,76666667;2,433333333;;499,2;478,5;28,16666667;29,65
2012;OSONA;3;0;5265;;14;3;4666,666667;998,2;20,19166667;6,575;508;683,8;26,2;11,91666667;314,4;14,18333333;1,233333333;;344,2;133,3;30,53333333;31,3
2011;OSONA;3;0;5265;;15;3;5000;1644;20,31666667;7,383333333;508;803,1;26,01666667;12,13333333;840,9;14,61666667;2,633333333;;455,5;288,4;27,56666667;28,7
2010;OSONA;2;0;6052;;11;2;5500;1729,2;18,15833333;6,708333333;508;1125;24,53333333;11,66666667;604,2;11,78333333;1,75;;604,2;257,5;28,23333333;29,9
2009;OSONA;2;;5918;;12;2;6000;1416,1;20,1;7,15;508;871,7;26,25;11,7;544,4;13,95;2,6;;331,2;311,1;29,96666667;30,7
2008;OSONA;2;0;5313;;11;2;5500;1628,2;18,95;7,058333333;508;1074,5;24,41666667;11,83333333;553,7;13,48333333;2,283333333;;716,7;224;27,93333333;29,35
2014;OSONA;3;0;5280;0;15,84;3;5280;2036,6;19,75;7,75;508;1421;25;12,13333333;615,6;14,5;3,366666667;;485,7;684;27,36666667;27,4
2015;OSONA;3;0;5280;0;16;3;5333,333333;1133,3;20,55;7,291666667;508;869,2;26,75;12,16666667;264,1;14,35;2,416666667;;389,5;329,1;30,3;31,15
2016;OSONA;3;0;5787;0;17,361;3;5787;1386,7;20,275;7,458333333;508;762,1;26,15;11,66666667;624,6;14,4;3,25;;327;218,5;29,96666667;31,35
2017;OSONA;3;0;5420;0;16,26;3;5420;1047,1;20,60833333;6,916666667;508;599,1;26,81666667;11,88333333;448;14,4;1,95;;300,3;103,4;31;31,65
2018;OSONA;3;3;2800;11400;42,6;6;7100;2330,3;19,63333333;7,6;508;1319,2;25,91666667;12,48333333;1011,1;13,35;2,716666667;;615;531,9;29,06666667;30,5
2019;OSONA;3;3;2000;3500;16,5;6;2750;1053,7;20,58333333;6,65;508;619,2;26,23333333;11,36666667;434,5;14,93333333;1,933333333;;327,3;108,6;30,96666667;31,95
2020;OSONA;2;3;2375;2100;11,05;5;2210;1790,8;20,125;7,616666667;508;1080,3;25,9;12,35;710,5;14,35;2,883333333;;694,9;286,7;28,8;30,75
2021;OSONA;4;3;2600;0;10,4;7;1485,714286;964,2;20,18333333;7,325;508;618,2;26,11666667;11,83333333;346;14,25;2,816666667;;336,1;107,4;30,26666667;31,35
2022;OSONA;6;3;2600;4400;28,8;9;3200;1049;22,05833333;7,95;508;729;28,3;12,66666667;320;15,81666667;3,233333333;;348,8;250,3;32,9;33,65
2023;OSONA;9;0;3812;0;34,308;9;3812;1122,7;21,80833333;7,5;508;945,8;27,53333333;12,55;176,9;16,08333333;2,45;;700,2;135;30,8;32,4
2024;OSONA;9;0;1875;0;16,875;9;1875;1604,6;21,15;8,258333333;508;906,7;26,51666667;12,16666667;697,9;15,78333333;4,35;;607,5;225,6;30,63333333;32,75
2013;PALLARS JUSSÀ;217,2;17,9;7650;9640;1834;235,1;7800,935772;1429,3;20,35833333;5,683333333;508;956,2;26,15;10,61666667;473,1;14,56666667;0,75;;476,7;358,6;30,26666667;32
2012;PALLARS JUSSÀ;213;21;5100;8030;1257;234;5371,794872;978;21,075;6,058333333;508;580,4;27,78333333;11,9;397,6;14,36666667;0,216666667;;373,3;141,7;32,06666667;32,75
2011;PALLARS JUSSÀ;223;17;6750;10700;1691;240;7045,833333;1042,6;21,30833333;6,775;508;553,9;27,88333333;12,1;488,7;14,73333333;1,45;;401,9;113,9;29,93333333;31,15
2010;PALLARS JUSSÀ;228;14;6600;10500;1653;242;6830,578512;1416,6;19,44166667;5,65;508;836,1;26,58333333;11,28333333;580,5;12,3;0,016666667;;518,7;162,7;30,56666667;32,15
2009;PALLARS JUSSÀ;228;13;3799;9630;986;241;4091,286307;1293,2;20,99166667;6,55;508;739,7;27,9;12,01666667;553,5;14,08333333;1,083333333;;428,4;213,1;32,03333333;32,85
2008;PALLARS JUSSÀ;200;16;3900;9600;934;216;4324,074074;1550,5;20,04166667;6,125;508;1060,2;26,43333333;11,45;490,3;13,65;0,8;;842,6;118;30,3;31,65
2014;PALLARS JUSSÀ;209;28;5960;8800;1492,04;237;6295,527426;1440;21,00833333;6,933333333;508;881;27,33333333;11,78333333;559;14,68333333;2,083333333;;384,7;356,1;29,96666667;30,1
2015;PALLARS JUSSÀ;214;24;5750;9370;1455;238;6113,445378;1006,6;22,025;6,516666667;508;765,2;28,65;12,16666667;241,4;15,4;0,866666667;;213,2;366,2;32,53333333;33,3
2016;PALLARS JUSSÀ;207;24;6130;9670;1500,99;231;6497,792208;1164,9;21,38333333;6,441666667;508;626;28,16666667;11,48333333;538,9;14,6;1,4;;389,4;109,4;32,53333333;34,05
2017;PALLARS JUSSÀ;220;24;4830;7620;1245,48;244;5104,42623;917,2;21,89166667;6,108333333;508;443,3;28,63333333;11,78333333;473,9;15,15;0,433333333;;286,2;66,4;32,93333333;33,5
2018;PALLARS JUSSÀ;212;40;4250;8790;1252,6;252;4970,634921;1796,2;20,35;7,025;508;938,5;27,55;12,4;857,7;13,15;1,65;;638,3;191;31,2;32,85
2019;PALLARS JUSSÀ;215;39;4520;9610;1346,59;254;5301,535433;1218,8;21,825;6,258333333;508;617,5;28,28333333;11,6;601,3;15,36666667;0,916666667;;350,9;218,2;32,83333333;33,85
2020;PALLARS JUSSÀ;214;46;3360;7140;1047,48;260;4028,769231;1360,4;21,15;7,116666667;508;795,6;27,58333333;12,38333333;564,8;14,71666667;1,85;;555,5;186,7;30,86666667;32,65
2021;PALLARS JUSSÀ;213;48;4155;8400;1288,215;261;4935,689655;1077;21,25;6,458333333;508;686,5;27,8;11,96666667;390,5;14,7;0,95;;429,8;119,2;32,06666667;33,5
2022;PALLARS JUSSÀ;246;24;2493;7560;794,718;270;2943,4;1124,4;22,7;7,458333333;508;629,1;30,08333333;12,83333333;495,3;15,31666667;2,083333333;;241,8;299,7;34,9;35,25
2023;PALLARS JUSSÀ;241;24;3161;8150;957,401;265;3612,833962;873,8;22,74166667;7;508;526,9;29,45;12,5;346,9;16,03333333;1,5;;393;67,9;32,5;34,35
2024;PALLARS JUSSÀ;233;24;3300;4705;881,82;257;3431,206226;1484,1;21,85;7,475;508;775,6;28,36666667;12,05;708,5;15,33333333;2,9;;444,4;138,2;33,2;35,1
2013;PALLARS SOBIRÀ;0,9;2,3;7650;9600;29;3,2;9062,5;977,6;18,25833333;2,933333333;823;598;23,23333333;7,233333333;379,6;13,28333333;-1,366666667;ALTA RIBAGORÇA;274,4;287,7;26,83333333;28,3
2012;PALLARS SOBIRÀ;2;0;5100;;12;2;6000;670,3;19,15833333;2,866666667;823;333,6;24,56666667;7,783333333;336,7;13,75;-2,05;ALTA RIBAGORÇA;232,9;57,4;28,53333333;29,45
2011;PALLARS SOBIRÀ;1;0;6750;;5;1;5000;764,2;19,53333333;3,658333333;823;429,7;25,4;8,25;334,5;13,66666667;-0,933333333;ALTA RIBAGORÇA;243,9;137;27,06666667;28,2
2010;PALLARS SOBIRÀ;1;0;6600;;5;1;5000;962,2;17,11666667;2,65;823;555,4;23,5;7,4;406,8;10,73333333;-2,1;ALTA RIBAGORÇA;327;157,1;27,1;29
2014;PALLARS SOBIRÀ;1;3;6580;8520;32,14;4;8035;995,6;19,10833333;3,866666667;823;565,9;24,21666667;7,783333333;429,7;14;-0,05;ALTA RIBAGORÇA;255,3;239,2;26,43333333;26,45
2015;PALLARS SOBIRÀ;5;0;6350;9070;32;5;6400;680,3;20,05;3,691666667;823;487,8;25,6;8,466666667;192,5;14,5;-1,083333333;ALTA RIBAGORÇA;226,3;192,8;29,13333333;29,9
2016;PALLARS SOBIRÀ;5;0;5660;0;28,3;5;5660;753;19,45;3,325;823;380,1;25,06666667;7,616666667;372,9;13,83333333;-0,966666667;ALTA RIBAGORÇA;234,6;94,5;29;30,4
2017;PALLARS SOBIRÀ;6;0;4460;0;26,76;6;4460;638,6;20,15;2,958333333;823;251,8;25,75;7,75;386,8;14,55;-1,833333333;ALTA RIBAGORÇA;168,8;58,3;29,4;29,9
2018;PALLARS SOBIRÀ;7;1;4320;8580;38,82;8;4852,5;1274,7;18,8;3,583333333;823;744,6;24,73333333;8,533333333;530,1;12,86666667;-1,366666667;ALTA RIBAGORÇA;522,6;109,5;28,06666667;29,45
2019;PALLARS SOBIRÀ;8;0;4720;0;37,76;8;4720;842,9;19,925;2,725;823;336,2;25,28333333;7,316666667;506,7;14,56666667;-1,866666667;ALTA RIBAGORÇA;177,6;140,5;29,53333333;30,4
2020;PALLARS SOBIRÀ;5;5;3510;7060;52,85;10;5285;923,1;19,61666667;3,691666667;823;504,5;24,96666667;8,533333333;418,6;14,26666667;-1,15;ALTA RIBAGORÇA;320,6;141,9;27,93333333;29,85
2021;PALLARS SOBIRÀ;5;6;3200;6500;55;11;5000;756,9;19,04166667;2,825;823;447;24,3;7,55;309,9;13,78333333;-1,9;ALTA RIBAGORÇA;303,8;66,2;28,16666667;29,65
2022;PALLARS SOBIRÀ;8;5;2080;5200;42,64;13;3280;686,8;20,78333333;3,841666667;823;351,2;26,93333333;8,4;335,6;14,63333333;-0,716666667;ALTA RIBAGORÇA;147,6;149,6;31,5;32,05
2023;PALLARS SOBIRÀ;9;5;2050;5109;43,995;14;3142,5;787,8;20,54166667;3,441666667;823;398,4;26,18333333;8,183333333;389,4;14,9;-1,3;ALTA RIBAGORÇA;252,9;100,2;29,06666667;30,65
2024;PALLARS SOBIRÀ;14;5;2400;3700;52,1;19;2742,105263;1197,3;19,95;4,058333333;823;638,1;25,05;7,816666667;559,2;14,85;0,3;ALTA RIBAGORÇA;261,9;177,3;29,43333333;31,25
2013;PLA DE L'ESTANY;1,2;0;4000;;5;1,2;4166,666667;1070,8;;;296;561,4;;;509,4;;;GARROTXA;310,4;198,3;;
2012;PLA DE L'ESTANY;1;0;4050;;4;1;4000;570,6;;;296;303,1;;;267,5;;;GARROTXA;140,1;77,9;;
2011;PLA DE L'ESTANY;1;0;5075;;6;1;6000;1166,2;;;296;520,2;;;646;;;GARROTXA;264,7;156,1;;
2010;PLA DE L'ESTANY;0;0;4250;;2;0;;955,2;;;296;516,6;;;438,6;;;GARROTXA;296,5;135,4;;
2009;PLA DE L'ESTANY;1;;5000;;5;1;5000;755,2;;;296;482;;;273,2;;;GARROTXA;317,4;102,9;;
2008;PLA DE L'ESTANY;1;0;4920;7135;5;1;5000;1075,3;;;296;619,5;;;455,8;;;GARROTXA;388;153,3;;
2014;PLA DE L'ESTANY;1;0;3800;0;3,8;1;3800;1153,6;;;296;729,2;;;424,4;;;GARROTXA;332,1;253,7;;
2015;PLA DE L'ESTANY;2;0;4000;0;8;2;4000;907;;;296;609,3;;;297,7;;;GARROTXA;350,4;166,1;;
2016;PLA DE L'ESTANY;2;0;3324;5462;6,648;2;3324;871,4;;;296;472,6;;;398,8;;;GARROTXA;336,8;72,1;;
2017;PLA DE L'ESTANY;1;0;4353;6337;4,353;1;4353;646,9;;;296;361,6;;;285,3;;;GARROTXA;144,9;114,1;;
2018;PLA DE L'ESTANY;1;0;3324;0;3,324;1;3324;1439,2;;;296;806,9;;;632,3;;;GARROTXA;501,8;206,5;;
2019;PLA DE L'ESTANY;1;0;3330;0;3,33;1;3330;587,2;;;296;306,9;;;280,3;;;GARROTXA;170,9;80,3;;
2020;PLA DE L'ESTANY;1;0;3375;0;3,375;1;3375;1324;;;296;665,6;;;658,4;;;GARROTXA;366,5;176,8;;
2021;PLA DE L'ESTANY;1;0;3675;0;4;1;4000;760,5;;;296;506,1;;;254,4;;;GARROTXA;270,3;107,3;;
2022;PLA DE L'ESTANY;1;0;0;0;0;1;0;673,8;;;296;417,2;;;256,6;;;GARROTXA;137,3;125,6;;
2023;PLA DE L'ESTANY;1;2;2300;2452;7,204;3;2401,333333;557,8;;;296;430,4;;;127,4;;;GARROTXA;277,6;113,2;;
2024;PLA DE L'ESTANY;1;2;2489;4300;11,089;3;3696,333333;873,3;;;296;508,5;;;364,8;;;GARROTXA;349,9;80,1;;
2013;PLA D'URGELL;2,3;0,2;7200;10560;19;2,5;7600;1032,5;;;505;466;;;566,5;;;GARRIGUES;343,3;78;;
2012;PLA D'URGELL;0;1;;8800;9;1;9000;685,6;;;505;263,6;;;422;;;GARRIGUES;144,8;56,4;;
2011;PLA D'URGELL;1;0;8800;;8;1;8000;680,4;;;505;262,9;;;417,5;;;GARRIGUES;207,2;49,7;;
2010;PLA D'URGELL;1;0;8700;;8;1;8000;855,2;;;505;399,9;;;455,3;;;GARRIGUES;294,8;47,3;;
2009;PLA D'URGELL;1;;3692;9737;4;1;4000;810,2;;;505;453,8;;;356,4;;;GARRIGUES;327;60,8;;
2008;PLA D'URGELL;1;0;3900;;4;1;4000;1032;;;505;641,3;;;390,7;;;GARRIGUES;483;59,5;;
2014;PLA D'URGELL;0;1;0;9120;9,12;1;9120;1138,7;;;505;632,1;;;506,6;;;GARRIGUES;330,3;123,5;;
2015;PLA D'URGELL;0;1;0;9710;10;1;10000;545,7;;;505;279,9;;;265,8;;;GARRIGUES;159;91,3;;
2013;PRIORAT;2781,6;568,6;3459;5191;12573;3350,2;3752,910274;615,9;;;357;249;;;366,9;;;;229,2;16,3;;
2012;PRIORAT;2780;563;3170;4135;11140;3343;3332,336225;376,5;;;357;154;;;222,5;;;;85,3;29,7;;
2011;PRIORAT;3142;260;5230;6540;18134;3402;5330,393886;424,8;;;357;143,4;;;281,4;;;;116,7;24,4;;
2010;PRIORAT;3069;247;5000;6050;16841;3316;5078,709288;511,7;;;357;257,7;;;254;;;;146,2;45,3;;
2009;PRIORAT;3007;212;5243;10165;17921;3219;5567,256912;441;;;357;224,3;;;216,7;;;;148,7;26,9;;
2008;PRIORAT;3026;285;3290;3860;11056;3311;3339,172455;592,1;;;357;375,9;;;216,2;;;;296,6;37,8;;
2014;PRIORAT;2765;559;3650;5476;13153,334;3324;3957,080024;565,8;;;357;246,1;;;319,7;;;;157,1;24,4;;
2015;PRIORAT;3064;285;4064;6097;14190;3349;4237,085697;303,8;;;357;115;;;188,8;;;;59,8;32,2;;
2016;PRIORAT;3060;289;3750;6000;13209;3349;3944,162437;475,3;;;357;166,1;;;309,2;;;;149,9;2,6;;
2017;PRIORAT;3091;294;3634;4179;12461,32;3385;3681,335303;372,1;;;357;154,5;;;217,6;;;;81,6;54,6;;
2018;PRIORAT;3089;296;3750;6000;13359,75;3385;3946,750369;660,2;;;357;238,9;;;421,3;;;;197,5;37,4;;
2019;PRIORAT;3114;300;3260;3621;11237,94;3414;3291,72232;390;;;357;130,5;;;259,5;;;;75,2;37,2;;
2020;PRIORAT;3158;315;2390;3547;8664,925;3473;2494,939534;699,1;;;357;307,9;;;391,2;;;;300,3;2,1;;
2021;PRIORAT;3156;332;3834;5141;13806,916;3488;3958,404817;540,2;;;357;311,6;;;228,6;;;;181,3;36,9;;
2022;PRIORAT;3219;355;3214;4310;11875,916;3574;3322,864018;321,9;;;357;194,9;;;127;;;;114,2;62,7;;
2023;PRIORAT;3247;381;2607;3550;9817,479;3628;2706,030595;240,9;;;357;149,9;;;91;;;;51,1;56,2;;
2024;PRIORAT;3262;422;1919;2936;7498,77;3684;2035,496743;568,2;;;357;204,7;;;363,5;;;;122,4;14,8;;
2013;RIBERA D'EBRE;1030;190,7;6491;9727;8541;1220,7;6996,805112;2226,6;21,42083333;9,841666667;313;870,2;26,69166667;13,96666667;1356,4;16,15;5,716666667;;780,3;30,4;30,25;31,775
2012;RIBERA D'EBRE;1034;226;3907;10620;6439;1260;5110,31746;1637,5;22,29583333;10,2;313;683,3;28,29166667;16,04166667;954,2;16,3;4,358333333;;376,4;62,3;32,08333333;32,475
2011;RIBERA D'EBRE;1052;234;5740;12850;9038;1286;7027,993779;1603,8;22,625;10,47916667;313;455,4;28,68333333;15,45;1148,4;16,56666667;5,508333333;;385;69,7;30,65;31,75
2010;RIBERA D'EBRE;1034;246;5500;12100;8665;1280;6769,53125;1896,5;21,04583333;9,570833333;313;928;27,63333333;14,825;968,5;14,45833333;4,316666667;;475,3;135,2;31,3;32,775
2009;RIBERA D'EBRE;1120;256;4815;11770;8406;1376;6109,011628;1508,4;22,40416667;10,94583333;313;822,9;28,5;15,925;685,5;16,30833333;5,966666667;;590,7;37,6;32,41666667;32,9
2008;RIBERA D'EBRE;1172;257;4350;11000;7926;1429;5546,536039;2388,9;21,79166667;10,325;313;1485,2;27,58333333;15,4;903,7;16;5,25;;1136,2;151,8;30,93333333;32,025
2014;RIBERA D'EBRE;1028;187;6294;9441;8235,699;1215;6778,353086;2261,5;22,57916667;11,14166667;313;963,8;27,85833333;15,73333333;1297,7;17,3;6,55;;597,3;79,8;30,36666667;30,9
2015;RIBERA D'EBRE;1016;179;6657;9985;8551;1195;7155,648536;1685,2;22,39166667;10,4625;313;579,7;28,6;15,38333333;1105,5;16,18333333;5,541666667;;286,2;198;32;32,625
2016;RIBERA D'EBRE;1004;164;6500;10000;8166;1168;6991,438356;1453,2;22,2375;10,4875;313;515,5;28,15;14,98333333;937,7;16,325;5,991666667;;461;24,8;31,85;33,025
2017;RIBERA D'EBRE;990;156;5719;6577;6687,822;1146;5835,795812;1046,8;22,93333333;10,2625;313;380,4;28,73333333;15,55833333;666,4;17,13333333;4,966666667;;233,6;97,3;32;32,3
2018;RIBERA D'EBRE;963;144;6500;10000;7699,5;1107;6955,284553;2348,8;22,45;10,55;313;842,6;28,71666667;15,25833333;1506,2;16,18333333;5,841666667;;653,9;144,5;32,25;33,675
2019;RIBERA D'EBRE;936;147;6410;8745;7285,275;1083;6726,939058;1526,4;22,97916667;10,52916667;313;590,4;28,425;15,19166667;936;17,53333333;5,866666667;;269,3;166,4;32,33333333;33,55
2020;RIBERA D'EBRE;886;157;4960;6014;5338,758;1043;5118,655801;2531,6;22,57916667;10,825;313;1089,8;28,36666667;15,56666667;1441,8;16,79166667;6,083333333;;1021,9;44,2;31,73333333;33,45
2021;RIBERA D'EBRE;855;158;6085;5615;6089,845;1013;6011,692991;2111,8;21,825;10,4375;313;1184,2;27,55;15,15;927,6;16,1;5,725;;619,1;275,2;31,08333333;31,9
2022;RIBERA D'EBRE;843;179;4656;5654;4937,074;1022;4830,796477;1408,8;23,775;12,04166667;313;796,4;29,75833333;16,85833333;612,4;17,79166667;7,225;;496,4;239,4;33,81666667;34,5
2023;RIBERA D'EBRE;799;181;4512;7049;4880,957;980;4980,568367;1166,2;23,82083333;11,54166667;313;789,1;29,55;16,76666667;377,1;18,09166667;6,316666667;;198,4;104,5;32,83333333;33,775
2024;RIBERA D'EBRE;790;186;4133;6704;4512,014;976;4622,965164;1862,7;23,16666667;11,26666667;313;596,1;28,90833333;15,64166667;1266,6;17,425;6,891666667;;271,8;63,2;32,6;34,275
2013;RIPOLLÈS;0;0;;;;0;;983,4;;;738;704,7;;;278,7;;;;321,8;324,7;;
2012;RIPOLLÈS;0;0;;;;0;;584;;;738;404,6;;;179,4;;;;217,9;112,9;;
2011;RIPOLLÈS;0;0;;;0;0;;1154,5;;;738;630;;;524,5;;;;295,1;231,4;;
2010;RIPOLLÈS;0;0;;;;0;;999,9;;;738;634,3;;;365,6;;;;394;132;;
2022;RIPOLLÈS;1;0;0;0;0;1;0;608,7;;;738;415,4;;;193,3;;;;139;170,3;;
2023;RIPOLLÈS;1;0;2477;0;2,477;1;2477;661,7;;;738;498,4;;;163,3;;;;306,4;141;;
2024;RIPOLLÈS;1;0;2489;0;2,489;1;2489;922,5;;;738;583,1;;;339,4;;;;355,9;140,2;;
2013;SEGARRA;109,4;1,2;9000;12000;999;110,6;9032,549729;464,3;;;554;229,5;;;234,8;;;;194,3;31,2;;
2012;SEGARRA;119;0,1;6450;9450;767;119,1;6439,966415;274,6;;;554;143,4;;;131,2;;;;95,1;14,6;;
2011;SEGARRA;125;1;8700;10600;1091;126;8658,730159;344,8;;;554;173,9;;;170,9;;;;150,8;21,3;;
2010;SEGARRA;129;0;8500;;1092;129;8465,116279;516,7;;;554;287,8;;;228,9;;;;209;38,4;;
2009;SEGARRA;136;;3638;9684;496;136;3647,058824;392,3;;;554;197,6;;;194,7;;;;136,9;22,9;;
2008;SEGARRA;139;0;3900;;542;139;3899,280576;494,5;;;554;332,8;;;161,7;;;;209,4;90,6;;
2014;SEGARRA;99;0;6060;0;599,94;99;6060;538;;;554;289,4;;;248,6;;;;134,3;110,4;;
2015;SEGARRA;96;3;5850;10500;593;99;5989,89899;327,7;;;554;190;;;137,7;;;;71,5;68,2;;
2016;SEGARRA;93;0;5640;0;524,52;93;5640;346,2;;;554;160,8;;;185,4;;;;143,4;5,7;;
2017;SEGARRA;96;0;4440;0;426,24;96;4440;346,8;;;554;145,6;;;201,2;;;;77,7;13;;
2018;SEGARRA;98;0;4730;0;463,54;98;4730;589,3;;;554;268,9;;;320,4;;;;184;42,8;;
2019;SEGARRA;90;0;5170;0;465,3;90;5170;356,2;;;554;161,8;;;194,4;;;;100,4;39,5;;
2020;SEGARRA;87;0;3840;0;334,08;87;3840;442,1;;;554;240,9;;;201,2;;;;203,4;19,6;;
2021;SEGARRA;86;0;5180;0;445,48;86;5180;306,1;;;554;162,2;;;143,9;;;;121;29,3;;
2022;SEGARRA;82;0;3108;0;254,856;82;3108;306,1;;;554;177;;;129,1;;;;63,9;90,7;;
2023;SEGARRA;77;0;3218;0;247,786;77;3218;302,9;;;554;213,8;;;89,1;;;;139,5;33,2;;
2024;SEGARRA;67;0;2750;0;184,25;67;2750;466,4;;;554;219,7;;;246,7;;;;83,2;42,7;;
2013;SEGRIÀ;66,1;1996;9000;11500;23549;2062,1;11419,91174;419,2;20,76666667;8,808333333;192;202,3;26,91666667;13,46666667;216,9;14,61666667;4,15;;131,7;65,3;30,76666667;32,3
2012;SEGRIÀ;32;1886;4860;8800;16753;1918;8734,619395;319,5;21,94166667;9,091666667;192;171,4;28,61666667;14,93333333;148,1;15,26666667;3,25;;83,4;38;32,63333333;33,1
2011;SEGRIÀ;14;1883;6500;10850;20528;1897;10821,29678;291,6;22,29166667;10,01666667;192;103,6;29,1;15,11666667;188;15,48333333;4,916666667;;86,6;9,2;31;32
2010;SEGRIÀ;10;1963;6450;10800;21267;1973;10779,01673;375,7;20,86666667;8,775;192;184,3;27,71666667;14,06666667;191,4;14,01666667;3,483333333;;154;7,3;31,53333333;33,1
2009;SEGRIÀ;10;2166;3745;9898;21477;2176;9869,944853;398,1;22,10833333;9,808333333;192;240,1;28,86666667;15,13333333;158;15,35;4,483333333;;136,7;51,3;32,83333333;33,4
2008;SEGRIÀ;10;2251;3900;9600;21649;2261;9574,966829;427,1;20,93333333;9,283333333;192;288,4;27,33333333;14,33333333;138,7;14,53333333;4,233333333;;213,5;30,3;30,86666667;32,1
2014;SEGRIÀ;5;1844;6160;10560;19503,44;1849;10548,10168;426,7;22,38333333;10,2;192;224,6;28,71666667;14,98333333;202,1;16,05;5,416666667;;69,6;44,8;31,5;31,65
2015;SEGRIÀ;195;1648;5980;11330;19838;1843;10763,97179;261,7;21,94166667;9,725;192;93,8;29,36666667;14,9;167,9;14,51666667;4,55;;32,7;47,1;33,2;33,85
2016;SEGRIÀ;36;1758;7860;12200;21730,56;1794;12112,9097;312,4;21,825;9,841666667;192;118;28,83333333;14,41666667;194,4;14,81666667;5,266666667;;107,2;0,4;32,7;33,9
2017;SEGRIÀ;91;1659;6190;9610;16506,28;1750;9432,16;242;22,34166667;9,233333333;192;100,1;29,38333333;14,71666667;141,9;15,3;3,75;;63,8;20,8;33,16666667;33,45
2018;SEGRIÀ;15;1771;7140;11100;19765,2;1786;11066,74132;564,1;21,89166667;10,19166667;192;232,2;28,91666667;15,56666667;331,9;14,86666667;4,816666667;;151,8;60,9;32,6;34
2019;SEGRIÀ;23;1784;5620;12050;21626,46;1807;11968,15717;288,9;22,60833333;9,325;192;122,6;29,1;14,38333333;166,3;16,11666667;4,266666667;;69,8;47;33,4;34,3
2020;SEGRIÀ;11;1791;4180;8960;16093,34;1802;8930,82131;496,9;22,1;10,08333333;192;257,9;28,98333333;15,15;239;15,21666667;5,016666667;;232,9;20,2;32,43333333;34,15
2021;SEGRIÀ;48;1954;4200;9130;18041,62;2002;9011,798202;284,9;22,01666667;9,533333333;192;130,2;28,61666667;14,7;154,7;15,41666667;4,366666667;;81,2;25,4;32,5;33,35
2022;SEGRIÀ;239;1662;5210;11869;20971,468;1901;11031,80852;284,3;23,7;10,8;192;162,4;30,76666667;16,11666667;121,9;16,63333333;5,483333333;;61,3;66,7;35,33333333;35,7
2023;SEGRIÀ;247;1591;3953;13995;23242,436;1838;12645,50381;179;23,60833333;10,23333333;192;106;30,5;15,71666667;73;16,71666667;4,75;;55,2;17,9;33,73333333;35
2024;SEGRIÀ;71;1815;2750;13329;24387,385;1886;12930,74496;464,7;22,50833333;10,525;192;209,1;29,45;14,93333333;255,6;15,56666667;6,116666667;;95,7;39,8;33,8;35,25
2013;SOLSONÈS;1,1;0;7250;;8;1,1;7272,727273;545,5;;;830;332;;;213,5;;;;205,2;85;;
2012;SOLSONÈS;0,7;0;4860;;3;0,7;4285,714286;449,4;;;830;262,9;;;186,5;;;;159,7;44,8;;
2011;SOLSONÈS;1;0;6500;;4;1;4000;577,2;;;830;330,9;;;246,3;;;;234,1;54;;
2010;SOLSONÈS;1;0;6600;;3;1;3000;661,8;;;830;380,5;;;281,3;;;;249,6;90,8;;
2014;SOLSONÈS;1;0;6260;0;6,26;1;6260;747,5;;;830;421,9;;;325,6;;;;162,7;151,6;;
2015;SOLSONÈS;1;0;6040;0;6;1;6000;400,1;;;830;244,7;;;155,4;;;;115,8;93,4;;
2016;SOLSONÈS;1;0;6050;0;6,05;1;6050;509,2;;;830;221,6;;;287,6;;;;149,1;14,9;;
2017;SOLSONÈS;1;0;4850;0;4,85;1;4850;422,4;;;830;187,8;;;234,6;;;;97,3;13,7;;
2018;SOLSONÈS;1;0;5590;0;5,59;1;5590;952,5;;;830;395,5;;;557;;;;246,4;124,7;;
2019;SOLSONÈS;4;0;6110;0;24,44;4;6110;475,5;;;830;256,7;;;218,8;;;;128,7;56,5;;
2020;SOLSONÈS;5;0;4540;0;22,7;5;4540;605,9;;;830;379,5;;;226,4;;;;251,9;89,4;;
2021;SOLSONÈS;5;0;3150;0;15,75;5;3150;474;;;830;311,2;;;162,8;;;;182,2;42,1;;
2022;SOLSONÈS;10;0;2205;0;22,05;10;2205;461,3;;;830;306,1;;;155,2;;;;112,3;156,3;;
2023;SOLSONÈS;22;0;2000;0;44;22;2000;340,2;;;830;262,6;;;77,6;;;;208;36;;
2024;SOLSONÈS;25;0;2500;0;62,5;25;2500;579,5;;;830;257,2;;;322,3;;;;136,7;67,6;;
2013;TARRAGONÈS;1283,4;0;9759;;12525;1283,4;9759,233287;628,3;;;53;227,9;;;400,4;;;;174,1;27,3;;
2012;TARRAGONÈS;1330;1;7100;10620;9452;1331;7101,427498;468,9;;;53;202,1;;;266,8;;;;74,8;64,4;;
2011;TARRAGONÈS;1326;2;9450;14900;12551;1328;9451,054217;675,1;;;53;183,4;;;491,7;;;;159;17;;
2010;TARRAGONÈS;1369;18;8800;13000;12273;1387;8848,594088;559,8;;;53;302,1;;;257,7;;;;139;79,1;;
2009;TARRAGONÈS;1455;12;6544;13568;9684;1467;6601,226994;403,4;;;53;170,5;;;232,9;;;;112,4;15,1;;
2008;TARRAGONÈS;1601;9;5788;12000;9375;1610;5822,981366;736,4;;;53;467,7;;;268,7;;;;215,2;90,3;;
2014;TARRAGONÈS;1282;0;7419;0;9511,158;1282;7419;529,5;;;53;229,5;;;300;;;;145,5;27,9;;
2015;TARRAGONÈS;1264;0;8278;0;10463;1264;8277,689873;449,2;;;53;271;;;178,2;;;;66,6;71,2;;
2016;TARRAGONÈS;1271;0;6500;9000;8261,5;1271;6500;491,2;;;53;142,6;;;348,6;;;;96,2;20,9;;
2017;TARRAGONÈS;1271;0;6826;7850;8675,846;1271;6826;295,7;;;53;117,3;;;178,4;;;;38,3;38,7;;
2018;TARRAGONÈS;1275;1;7500;9000;9571,5;1276;7501,175549;829,1;;;53;248,4;;;580,7;;;;82,6;104,4;;
2019;TARRAGONÈS;1264;2;7207;9374;9128,396;1266;7210,423381;429,8;;;53;174,5;;;255,3;;;;88,8;45,5;;
2020;TARRAGONÈS;1270;5;6069;7000;7742,63;1275;6072,65098;648,9;;;53;334,4;;;314,5;;;;232,8;68,3;;
2021;TARRAGONÈS;1264;7;6623;7679;8425,225;1271;6628,815893;464,7;;;53;240,4;;;224,3;;;;106,5;76,4;;
2022;TARRAGONÈS;1276;7;5551;6433;7128,107;1283;5555,812159;597,6;;;53;358,8;;;238,8;;;;143,1;45,9;;
2023;TARRAGONÈS;1261;7;4612;4249;5845,475;1268;4609,996057;288,4;;;53;161,6;;;126,8;;;;54,4;38;;
2024;TARRAGONÈS;1255;7;4270;6923;5407,311;1262;4284,715531;804,2;;;53;370;;;434,2;;;;153,2;50,3;;
2013;TERRA ALTA;5612,2;181,4;5722;8586;33671;5793,6;5811,757802;560,1;;;442;200,6;;;359,5;;;;190,8;7,7;;
2012;TERRA ALTA;5652;184;4736;8350;28299;5836;4849,040439;436,6;;;442;168,9;;;267,7;;;;102;24,8;;
2011;TERRA ALTA;5803;187;6200;11100;38058;5990;6353,589316;370,9;;;442;109,5;;;261,4;;;;95;14,5;;
2010;TERRA ALTA;5837;171;6200;10300;37949;6008;6316,411451;433,6;;;442;202,4;;;231,2;;;;128,2;11,4;;
2009;TERRA ALTA;6183;263;6634;9844;43607;6446;6764,970524;338,5;;;442;180,7;;;157,8;;;;123,9;15,7;;
2008;TERRA ALTA;7470;205;5927;9500;46222;7675;6022,410423;590,6;;;442;372,2;;;218,4;;;;301;25;;
2014;TERRA ALTA;5658;188;7220;10830;42886,8;5846;7336,093055;559,8;;;442;260,3;;;299,5;;;;157,8;34;;
2015;TERRA ALTA;5660;193;7490;11234;44562;5853;7613,531522;444,4;;;442;173,7;;;270,7;;;;108,4;21,8;;
2016;TERRA ALTA;5772;197;6500;11000;39685;5969;6648,51734;387,3;;;442;128;;;259,3;;;;118,8;3,4;;
2017;TERRA ALTA;5854;204;5758;6622;35058,22;6058;5787,094751;363,5;;;442;136,3;;;227,2;;;;95,9;30,1;;
2018;TERRA ALTA;5857;200;6500;11000;40270,5;6057;6648,58841;510,2;;;442;168,5;;;341,7;;;;124,8;16,2;;
2019;TERRA ALTA;5840;196;5923;6537;35871,572;6036;5942,937707;337;;;442;158,6;;;178,4;;;;96,3;28,6;;
2020;TERRA ALTA;5790;192;6348;7910;38273,64;5982;6398,134403;653,1;;;442;274,5;;;378,6;;;;250,5;19,2;;
2021;TERRA ALTA;5714;186;8219;9985;48820,576;5900;8274,673898;455,6;;;442;272,8;;;182,8;;;;158,7;10,5;;
2022;TERRA ALTA;5734;180;6891;8370;41019,594;5914;6936,015218;435,8;;;442;249,8;;;186;;;;122;114,5;;
2023;TERRA ALTA;5714;173;6166;7024;36447,676;5887;6191,213861;243,6;;;442;160,6;;;83;;;;69;36,2;;
2024;TERRA ALTA;5705;170;4807;6176;28473,855;5875;4846,613617;483,1;;;442;219,2;;;263,9;;;;139,8;25,2;;
2013;URGELL;1054;109,7;8500;12000;10275;1163,7;8829,595257;1447,2;20,14166667;8,425;645;686,7;26,35;12,78333333;760,5;13,93333333;4,066666667;;501,3;171,7;30,4;32,1
2012;URGELL;985;150;6520;9400;7829;1135;6897,797357;1102,3;21,09166667;8,791666667;645;652,2;27,93333333;14,06666667;450,1;14,25;3,516666667;;330,8;180,5;32,2;32,5
2011;URGELL;1112;18;8800;12650;10013;1130;8861,061947;1066,8;21,125;9,4;645;479,5;28,26666667;14,1;587,3;13,98333333;4,7;;365,2;87,4;30,36666667;31,5
2010;URGELL;1102;17;8700;12500;9801;1119;8758,713137;1397,4;19,08333333;8,175;645;695,5;26,11666667;13,21666667;701,9;12,05;3,133333333;;448,3;65;30,2;31,75
2009;URGELL;1157;16;4066;9844;4862;1173;4144,927536;1241,7;20,35833333;9,366666667;645;636;27,13333333;14,16666667;605,7;13,58333333;4,566666667;;429,5;127,3;31,4;32,05
2008;URGELL;1216;16;3900;9600;4896;1232;3974,025974;1767,3;19,3;8,716666667;645;1236,9;25,75;13,38333333;530,4;12,85;4,05;;827;288,5;29,6;30,85
2014;URGELL;1081;81;7340;10950;8821,49;1162;7591,643718;1469,6;21,19166667;9,741666667;645;737,1;27,3;13,98333333;732,5;15,08333333;5,5;;355,1;227,3;30,13333333;30,35
2015;URGELL;1063;121;6560;10970;8301;1184;7010,97973;830;21,41666667;9,333333333;645;537,3;28,61666667;14,38333333;292,7;14,21666667;4,283333333;;195,1;199,3;32,53333333;33,35
2016;URGELL;1028;165;7770;12240;10007,16;1193;8388,23135;1182,3;20,96666667;9,183333333;645;513,1;27,78333333;13,65;669,2;14,15;4,716666667;;439,2;38,1;31,7;32,95
2017;URGELL;1014;193;6120;9650;8068,13;1207;6684,449047;1016,2;21,30833333;8,966666667;645;401,3;28,35;13,93333333;614,9;14,26666667;4;;244,6;52,5;32,53333333;32,8
2018;URGELL;957;248;7230;11320;9726,47;1205;8071,759336;1867,2;20,78333333;9,4;645;801,7;27,91666667;14,43333333;1065,5;13,65;4,366666667;;567,1;160,5;31,76666667;33,2
2019;URGELL;932;320;5740;12520;9356,08;1252;7472,907348;1140,9;20,85833333;9,141666667;645;514,3;27,36666667;13,75;626,6;14,35;4,533333333;;294,9;154,4;31,86666667;32,8
2020;URGELL;848;469;4270;9280;7973,28;1317;6054,123007;1575,5;20,59166667;9,558333333;645;918,4;27,28333333;14,43333333;657,1;13,9;4,683333333;;781,4;56,6;30,86666667;32,6
2021;URGELL;848;449;8180;16270;14241,87;1297;10980,62452;1040,5;20,375;9,183333333;645;534,7;27,11666667;13,91666667;505,8;13,63333333;4,45;;330,4;86,1;31,03333333;31,75
2022;URGELL;1267;33;8998;15270;11904,376;1300;9157,212308;1046,1;22,475;10,71666667;645;606,1;29,31666667;15,63333333;440;15,63333333;5,8;;244,4;273;33,96666667;34,5
2023;URGELL;1266;33;8713;15000;11525,658;1299;8872,715935;839,3;22,16666667;10;645;592,5;29,08333333;15,1;246,8;15,25;4,9;;411,6;92,5;32,36666667;33,7
2024;URGELL;1246;36;5000;15000;6770;1282;5280,811232;1469,6;21,425;10,10833333;645;591,5;28,18333333;14,4;878,1;14,66666667;5,816666667;;301,1;78,9;32,73333333;34,25
2013;VALL D'ARAN;0,9;0;7500;;7;0,9;7777,777778;1332,2;14,89166667;4,141666667;975;621,8;20,38333333;7,7;710,4;9,4;0,583333333;;;;;
2012;VALL D'ARAN;0,9;0;5100;;5;0,9;5555,555556;825,6;16,20833333;4,316666667;975;410,1;21,61666667;8,666666667;415,5;10,8;-0,033333333;;;;;
2011;VALL D'ARAN;0;0;;;0;0;;810,1;16,525;5,291666667;975;327,2;21,61666667;9,183333333;482,9;11,43333333;1,4;;;;;
2010;VALL D'ARAN;0;0;;;;0;;913,7;14,60833333;3,875;975;524,5;20,35;8,1;389,2;8,866666667;-0,35;;;;;
2014;VALL D'ARAN;1;0;6480;0;6,48;1;6480;1094,5;16,26666667;5,208333333;975;524,6;20,86666667;8,45;569,9;11,66666667;1,966666667;;;;;
2015;VALL D'ARAN;1;0;6250;0;6;1;6000;960,9;16,86666667;5,191666667;975;493,1;22,31666667;9,05;467,8;11,41666667;1,333333333;;;;;
2016;VALL D'ARAN;1;0;6260;0;6,26;1;6260;686,2;16,45833333;5,158333333;975;307,8;21,53333333;8,666666667;378,4;11,38333333;1,65;;;;;
2017;VALL D'ARAN;1;0;4930;0;4,93;1;4930;859,2;16,75;4,833333333;975;356,8;22,3;8,933333333;502,4;11,2;0,733333333;;;;;
2018;VALL D'ARAN;1;0;4050;0;4,05;1;4050;1247;16,04166667;4,85;975;622,9;21,91666667;9,1;624,1;10,16666667;0,6;;;;;
2019;VALL D'ARAN;1;0;4430;0;4,43;1;4430;1062,9;16,525;4,691666667;975;415,4;21,73333333;8,483333333;647,5;11,31666667;0,9;;;;;
2020;VALL D'ARAN;1;0;3290;0;3,29;1;3290;1058,8;17,19166667;5,458333333;975;564,5;22,15;9,216666667;494,3;12,23333333;1,7;;;;;
2021;VALL D'ARAN;1;0;3300;0;3,3;1;3300;887,7;16,38333333;4,675;975;417;21,7;8,466666667;470,7;11,06666667;0,883333333;;;;;
2022;VALL D'ARAN;1;0;3300;0;3,3;1;3300;921,2;18,48333333;5,966666667;975;470,2;24;9,65;451;12,96666667;2,283333333;;;;;
2023;VALL D'ARAN;1;0;2079;0;2,079;1;2079;851,6;17,76666667;5,316666667;975;491,9;23,21666667;9,15;359,7;12,31666667;1,483333333;;;;;
2024;VALL D'ARAN;1;0;4000;0;4;1;4000;945,7;17,05833333;5,775;975;426;21,66666667;8,766666667;519,7;12,45;2,783333333;;;;;
2013;VALLÈS OCCIDENTAL;40,9;1,9;10470;16000;459;42,8;10724,29907;657,4;;;290;314;;;343,4;;;;228,4;48,8;;
2012;VALLÈS OCCIDENTAL;45;2;8056;15719;396;47;8425,531915;493,4;;;290;262,5;;;230,9;;;;119;81,1;;
2011;VALLÈS OCCIDENTAL;46;2;10503;15719;520;48;10833,33333;850,4;;;290;352,2;;;498,2;;;;273,7;73,3;;
2010;VALLÈS OCCIDENTAL;35;2;9295;13911;352;37;9513,513514;804,3;;;290;382,3;;;422;;;;232,2;56,2;;
2009;VALLÈS OCCIDENTAL;36;3;9090;13604;368;39;9435,897436;532,4;;;290;248,9;;;283,5;;;;114,3;30,5;;
2008;VALLÈS OCCIDENTAL;44;2;7308;10938;343;46;7456,521739;670,6;;;290;352,8;;;317,8;;;;279,6;49;;
2014;VALLÈS OCCIDENTAL;40;1;8800;16000;368;41;8975,609756;718,9;;;290;423;;;295,9;;;;140,7;114;;
2015;VALLÈS OCCIDENTAL;36;1;8800;16000;333;37;9000;332,6;;;290;163,6;;;169;;;;57,9;65,9;;
2016;VALLÈS OCCIDENTAL;32;1;9357;16000;315,424;33;9558,30303;456,1;;;290;225,6;;;230,5;;;;168;19;;
2017;VALLÈS OCCIDENTAL;33;1;9220;16000;320,26;34;9419,411765;475;;;290;178,2;;;296,8;;;;81,2;42;;
2018;VALLÈS OCCIDENTAL;26;1;5100;11200;143,8;27;5325,925926;1037,7;;;290;424,3;;;613,4;;;;242,4;135,1;;
2019;VALLÈS OCCIDENTAL;27;1;1199;10700;43,073;28;1538,321429;565,7;;;290;268,1;;;297,6;;;;164,7;89;;
2020;VALLÈS OCCIDENTAL;25;1;680;3210;20,21;26;777,3076923;815,4;;;290;481,6;;;333,8;;;;362,2;72,8;;
2021;VALLÈS OCCIDENTAL;25;1;1190;3900;33,65;26;1294,230769;352,2;;;290;135,2;;;217;;;;75;20,4;;
2022;VALLÈS OCCIDENTAL;25;1;380;3800;13,3;26;511,5384615;421,8;;;290;251,8;;;170;;;;108,2;120;;
2023;VALLÈS OCCIDENTAL;25;1;1000;1608;26,608;26;1023,384615;367,6;;;290;281,2;;;86,4;;;;199,4;25,4;;
2024;VALLÈS OCCIDENTAL;27;1;3968;8000;115,136;28;4112;819,8;;;290;371,2;;;448,6;;;;240;60,6;;
2013;VALLÈS ORIENTAL;155;0,6;6000;15500;939;155,6;6034,70437;1971,7;20,70833333;9,520833333;202;930,3;25,41666667;13,91666667;1041,4;16;5,125;;523,6;116,9;29,01666667;30,55
2012;VALLÈS ORIENTAL;159;0,4;4631;15246;744;159,4;4667,503137;1368;21,275;9,566666667;202;722,6;26,375;14,75833333;645,4;16,175;4,375;;416,3;103,2;30,05;30,6
2011;VALLÈS ORIENTAL;165;1;8216;15246;1362;166;8204,819277;2430,5;21,42916667;10,39166667;202;845,8;26,15;14,94166667;1584,7;16,70833333;5,841666667;;488;342,2;27,46666667;28,425
2010;VALLÈS ORIENTAL;139;1;7496;13911;1045;140;7464,285714;2296,7;19,6;9,341666667;202;1095,4;25,05833333;14,275;1201,3;14,14166667;4,408333333;;604,2;263,3;28,56666667;29,9
2009;VALLÈS ORIENTAL;145;1;7330;13604;1076;146;7369,863014;1453;21,23333333;10,07916667;202;637,3;26,54166667;14,94166667;815,7;15,925;5,216666667;;348,1;82,6;29,96666667;30,7
2008;VALLÈS ORIENTAL;158;0;6182;;977;158;6183,544304;2280;20,42083333;9,845833333;202;1148,9;25,24166667;14,475;1131,1;15,6;5,216666667;;926,8;117,3;28,45;29,55
2014;VALLÈS ORIENTAL;154;0;5280;15500;813,12;154;5280;1987,9;21,39166667;10,40416667;202;1174,4;25,86666667;14,76666667;813,5;16,91666667;6,041666667;;410;295,8;28,46666667;28,675
2015;VALLÈS ORIENTAL;146;0;6700;0;978;146;6698,630137;1276,5;21,79583333;10,07916667;202;648,9;26,96666667;15,05;627,6;16,625;5,108333333;;234,8;326,9;30,2;30,725
2016;VALLÈS ORIENTAL;142;0;5993;10333;851,006;142;5993;1515,8;21,43333333;10,16666667;202;637,9;26,175;14,48333333;877,9;16,69166667;5,85;;471,9;40,9;29,48333333;30,6
2017;VALLÈS ORIENTAL;140;0;5920;0;828,8;140;5920;1416,8;21,7;9,8375;202;558,1;26,8;14,8;858,7;16,6;4,875;;191,9;124,6;30,53333333;30,675
2018;VALLÈS ORIENTAL;140;0;4800;0;672;140;4800;2874,6;21,35416667;10,40833333;202;1032,2;26,725;15,375;1842,4;15,98333333;5,441666667;;657,3;208,9;29,96666667;31,25
2019;VALLÈS ORIENTAL;142;0;3777;0;536,334;142;3777;1606,7;21,87916667;9,945833333;202;843,6;26,40833333;14,61666667;763,1;17,35;5,275;;370,5;334,9;30,56666667;31,175
2020;VALLÈS ORIENTAL;144;0;1604;0;230,976;144;1604;2528,1;21,67916667;10,44166667;202;1154,6;26,49166667;15,00833333;1373,5;16,86666667;5,875;;808,4;203,3;29,3;31
2021;VALLÈS ORIENTAL;144;0;3650;0;525,6;144;3650;1097,6;21,37083333;10,15416667;202;539,4;26,50833333;14,65;558,2;16,23333333;5,658333333;;243,3;97,2;30,1;30,575
2022;VALLÈS ORIENTAL;143;0;2649;0;378,807;143;2649;1101,8;23,2125;11,17083333;202;568;28,51666667;15,81666667;533,8;17,90833333;6,525;;242,8;268,9;32,46666667;32,875
2023;VALLÈS ORIENTAL;142;0;2545;0;361,39;142;2545;971;22,99583333;10,78333333;202;696,8;27,84166667;15,625;274,2;18,15;5,941666667;;418;127,4;31,01666667;31,975
2024;VALLÈS ORIENTAL;144;0;3968;0;571,392;144;3968;2000,7;22,37083333;10,89166667;202;1071,1;26,83333333;14,68333333;929,6;17,90833333;7,1;;621,8;82,8;30,41666667;32,075
